Timestamp,1. How familiar are you with fraud detection systems and their risk assessment methodologies?,2. Specializations,"3.If you are doing a job/internship or have just finished it, choose the 'Yes.' If you have not started yet, choose the 'No'.","4. If you are doing a job/internship or have just finished it, what is the job position?",a) Transaction Amount,b) Transaction Category,c) Transaction time ,d) Customer-merchant distance ,"1.What times of day do you determine are high, medium, and low risk for fraud when considering the time of transaction? [10:00 PM – 12:00 AM]","1.What times of day do you determine are high, medium, and low risk for fraud when considering the time of transaction? [6:00 AM – 9:00 AM]","1.What times of day do you determine are high, medium, and low risk for fraud when considering the time of transaction? [9:00 AM – 6:00 PM]","1.What times of day do you determine are high, medium, and low risk for fraud when considering the time of transaction? [6:00 PM – 10:00 PM]","1.What times of day do you determine are high, medium, and low risk for fraud when considering the time of transaction? [12:00 AM - 6:00 AM]",a) Low Risk: Transactions up to $_________  ,b) Medium Risk: Transactions between $_________ and $_________ ,c) High Risk: Transactions above $_________  ,3. What maximum distance (in kilometers) do you think should trigger a high fraud risk flag?,4.Which types of transaction categories do you consider the highest risk of fraud? (Please select four categories),a) Low Risk : Probability up to ---------------,b) Medium Risk : Probability betwwen ----------- and ----------,High Risk  : Probability above  --------,6 . Do you have any suggestions for improving Risk probability prediction model? 
16/03/2025 14:03:27,Somewhat familiar,IT,Yes,Intern - IT,0.3,0.2,0.25,0.25,,"Medium, Low",Low,Medium,High,500,500 and 1000,1000,More than 100 km,"Online Shopping, In-store Purchases, Grocery Purchases, Miscellaneous Online Transactions",0.3,0.3 and 0.6,0.6,no
16/03/2025 14:36:02,Somewhat familiar,IT,Yes,Intern - IT,0.3,0.2,0.25,0.25,,"Medium, Low",Low,Medium,High,500,500 and 1000,1000,More than 100 km,"Online Shopping, In-store Purchases, Grocery Purchases, Miscellaneous Online Transactions",0.3,0.3 and 0.6,0.6,no
17/03/2025 19:04:10,Somewhat familiar,DS,Yes,Data Analyst,0.3,0.25,0.2,0.25,,Low,Low,Medium,High,500,500 and 1000,1000,More than 100 km,"Online Shopping, In-store Purchases, Grocery Purchases, Personal care",0.2,0.2-0.6,0.6,no
18/03/2025 06:53:04,Somewhat familiar,SE,Yes,Software engineer,0.25,0.3,0.2,0.25,High,Low,Low,Medium,Medium,300,300 and 700,1000,More than 100 km,"Online Shopping, Grocery Purchases, Food dining, Travel",0.2,0.2 and 0.4,0.4,.
19/03/2025 01:21:52,Somewhat familiar,SE,Yes,software engineer,0.3,0.2,0.25,0.25,High,Medium,Low,Medium,High,500,500 - 1000,1000,More than 100 km,"Online Shopping, In-store Purchases, Grocery Purchases, Miscellaneous Online Transactions",0.3,0.2 - 0.6,0.6,no
01/02/2025 10:27:36,Very familiar,CS,Yes,Cyber Security Consultant,0.3,0.3,0.3,0.1,Medium,Medium,Medium,High,High,$100,$100 to $1000,$10000,More than 100 km,"Miscellaneous Online Transactions, Miscellaneous Point of Sale",,,,
13/03/2025 21:42:05,Somewhat familiar,CS,Yes,Cyber Security Intern,0.3,0.2,0.25,0.25,,Low,Low,Medium,High,500,500 and 1000,1000,More than 100 km,"Online Shopping, In-store Purchases, Grocery Purchases, Miscellaneous Online Transactions",,,,No
18/03/2025 01:44:27,Somewhat familiar,DS,Yes,Data Analyst,0.3,0.25,0.2,0.25,,Low,Low,Medium,High,500,500 and 1000,1000,More than 100 km,"Online Shopping, In-store Purchases, Grocery Purchases, Personal care",0.2,0.2-0.6,0.6,no
13/03/2025 11:42:34,Very familiar,CS,Yes,Soc Analyst,0.3,0.2,0.25,0.25,High,Medium,Low,Low,Medium,$500,$500 and $1000,$1000,More than 100 km,"Online Shopping, In-store Purchases, Grocery Purchases, Miscellaneous Online Transactions",,,,
13/03/2025 20:14:50,Somewhat familiar,CS,Yes,Cyber Security Intern,0.3,0.2,0.25,0.25,High,Low,Low,Medium,High,500,500 and 1000,1000,More than 100 km,"Online Shopping, In-store Purchases, Grocery Purchases, Miscellaneous Online Transactions",,,,No
16/03/2025 23:52:08,Somewhat familiar,DS,Yes,Data Analyst,0.3,0.25,0.2,0.25,,Low,Low,Medium,High,500,500 and 1000,1000,More than 100 km,"Online Shopping, In-store Purchases, Grocery Purchases, Personal care",0.2,0.2-0.6,0.6,no
30/01/2025 22:05:59,Somewhat familiar,IT,Yes,Trainee Automation Engineer,0.3,0.3,0.2,0.2,High,Medium,Low,Low,High,$500,$500 and $1500,$1500,Less than 10 km,"Online Shopping, In-store Purchases, Grocery Purchases, Miscellaneous Online Transactions, Travel",,,,
14/03/2025 13:48:46,Very familiar,CS,Yes,SOC Analyst,0.3,0.2,0.25,0.25,,Low,Low,Medium,Medium,500,500 and 1000,1000,More than 100 km,"Online Shopping, In-store Purchases, Grocery Purchases, Food dining",0.3,0.3 and 0.6,0.6,.
19/03/2025 01:35:00,Somewhat familiar,DS,Yes,Data Seience,0.3,0.2,0.25,0.25,,Medium,Low,Medium,High,500,500 - 1000,1000,More than 100 km,"Online Shopping, In-store Purchases, Grocery Purchases, Miscellaneous Online Transactions",0.3,0.3 - 0.6,0.6,no
18/03/2025 05:16:08,Somewhat familiar,DS,Yes,Data Analyst,0.3,0.25,0.2,0.25,,Low,Low,Medium,High,500,500 and 1000,1000,More than 100 km,"Online Shopping, In-store Purchases, Grocery Purchases, Personal care",0.2,0.2-0.6,0.6,no
16/03/2025 23:35:28,Somewhat familiar,IT,Yes,Intern - IT,0.3,0.2,0.25,0.25,,Low,Low,Medium,High,500,500 and 1000,1000,More than 100 km,"Online Shopping, In-store Purchases, Grocery Purchases, Miscellaneous Online Transactions",0.3,0.3 and 0.6,0.6,no
18/03/2025 00:48:40,Somewhat familiar,DS,Yes,Data Analyst,0.3,0.25,0.2,0.25,,Low,Low,Medium,High,500,500 and 1000,1000,More than 100 km,"Online Shopping, In-store Purchases, Grocery Purchases, Personal care",0.2,0.2-0.6,0.6,no
18/03/2025 05:17:19,Somewhat familiar,DS,Yes,Data Analyst,0.3,0.25,0.2,0.25,,Low,Low,Medium,High,500,500 and 1000,1000,More than 100 km,"Online Shopping, In-store Purchases, Grocery Purchases, Personal care",0.2,0.2-0.6,0.6,no
18/03/2025 07:00:13,Somewhat familiar,SE,Yes,Software engineer,0.25,0.3,0.2,0.25,,Low,Low,Medium,Medium,300,300 and 700,1000,More than 100 km,"Online Shopping, Grocery Purchases, Food dining, Travel",0.2,0.2 and 0.4,0.4,.
30/01/2025 19:03:10,Somewhat familiar,CS,Yes,Soc Analyst - Intern,0.3,0.2,0.25,0.25,High,Medium,Low,Low,High,$500,$100 and $500,$1000,More than 100 km,"Online Shopping, In-store Purchases, Grocery Purchases, Miscellaneous Online Transactions",,,,
16/03/2025 15:58:15,Somewhat familiar,IT,Yes,Intern - IT,0.3,0.2,0.25,0.25,,Medium,Low,Medium,High,500,500 and 1000,1000,More than 100 km,"Online Shopping, In-store Purchases, Grocery Purchases, Miscellaneous Online Transactions",0.3,0.3 and 0.6,0.6,no
19/03/2025 07:56:44,Somewhat familiar,CSNE,Yes,Intern - Network,0.25,0.2,0.35,0.2,High,Medium,Low,Medium,High,250,250-500,2000,More than 100 km,"Online Shopping, In-store Purchases, Grocery Purchases, Miscellaneous Online Transactions",0.1,0.5-0.75,0.75,no
19/03/2025 06:14:06,Somewhat familiar,DS,Yes,Data Seience,0.3,0.2,0.25,0.25,,Medium,Low,Medium,High,500,500 - 1000,1000,More than 100 km,"Online Shopping, In-store Purchases, Grocery Purchases, Miscellaneous Online Transactions",0.3,0.3 - 0.6,0.6,no
14/03/2025 18:17:26,Very familiar,CS,Yes,SOC Analyst,0.3,0.2,0.25,0.25,,Low,Low,Medium,Medium,500,500 and 1000,1000,More than 100 km,"Online Shopping, In-store Purchases, Grocery Purchases, Food dining",0.3,0.3 and 0.6,0.6,.
16/03/2025 23:42:53,Very familiar,DS,Yes,Data Analyst,0.3,0.25,0.2,0.25,High,Low,Low,Medium,High,500,500 & 1000,1000,More than 100 km,"Online Shopping, In-store Purchases, Grocery Purchases, Miscellaneous Online Transactions",0.2,0.2-0.5,0.5,no
17/03/2025 19:20:05,Somewhat familiar,DS,Yes,Data Analyst,0.3,0.25,0.2,0.25,,Low,Low,Medium,High,500,500 and 1000,1000,More than 100 km,"Online Shopping, In-store Purchases, Grocery Purchases, Personal care",0.2,0.2-0.6,0.6,no
14/03/2025 15:08:03,Very familiar,CS,Yes,SOC Analyst,0.3,0.2,0.25,0.25,,Low,Low,Medium,Medium,500,500 and 1000,1000,More than 100 km,"Online Shopping, In-store Purchases, Grocery Purchases, Food dining",0.3,0.3 and 0.6,0.6,.
18/03/2025 18:45:14,Very familiar,DS,Yes,Intern - Data Seience,0.35,0.5,0.3,0.1,,"Medium, Low",Low,Medium,High,200,500- 1000,5000,50 – 100 km,"Online Shopping, In-store Purchases, Grocery Purchases, Travel",0.5,0.5 -0.75,0.75,.
13/03/2025 19:22:02,Somewhat familiar,CS,Yes,SOC Analyst,0.3,0.2,0.25,0.25,High,Low,Low,Medium,High,500,500 and 1000,1000,More than 100 km,"Online Shopping, In-store Purchases, Grocery Purchases, Miscellaneous Online Transactions",,,,No
18/03/2025 04:52:31,Somewhat familiar,DS,Yes,Data Analyst,0.3,0.25,0.2,0.25,,Low,Low,Medium,High,500,500 and 1000,1000,More than 100 km,"Online Shopping, In-store Purchases, Grocery Purchases, Personal care",0.2,0.2-0.6,0.6,no
16/03/2025 16:02:24,Somewhat familiar,IT,Yes,Intern - IT,0.3,0.2,0.25,0.25,,"Medium, Low",Low,Medium,High,500,500 and 1000,1000,More than 100 km,"Online Shopping, In-store Purchases, Grocery Purchases, Miscellaneous Online Transactions",0.3,0.3 and 0.6,0.6,no
16/03/2025 14:33:22,Somewhat familiar,IT,Yes,Intern - IT,0.3,0.2,0.25,0.25,,"Medium, Low",Low,Medium,High,500,500 and 1000,1000,More than 100 km,"Online Shopping, In-store Purchases, Grocery Purchases, Miscellaneous Online Transactions",0.3,0.3 and 0.6,0.6,no
13/03/2025 22:06:07,Somewhat familiar,CS,Yes,Cyber Security Intern,0.3,0.2,0.25,0.25,,Low,Low,Medium,High,500,500 and 1000,1000,More than 100 km,"Online Shopping, In-store Purchases, Grocery Purchases, Miscellaneous Online Transactions",,,,No
17/03/2025 02:59:58,Somewhat familiar,DS,Yes,Data Analyst,0.3,0.25,0.2,0.25,,Low,Low,Medium,High,500,500 and 1000,1000,More than 100 km,"Online Shopping, In-store Purchases, Grocery Purchases, Personal care",0.2,0.2-0.6,0.6,no
18/03/2025 19:06:55,Very familiar,DS,Yes,Intern - Data Seience,0.35,0.5,0.3,0.1,,"Medium, Low",Low,Medium,High,200,500- 1000,5000,50 – 100 km,"Online Shopping, In-store Purchases, Grocery Purchases, Travel",0.5,0.5 -0.75,0.75,.
18/03/2025 02:02:06,Somewhat familiar,DS,Yes,Data Analyst,0.3,0.25,0.2,0.25,,Low,Low,Medium,High,500,500 and 1000,1000,More than 100 km,"Online Shopping, In-store Purchases, Grocery Purchases, Personal care",0.2,0.2-0.6,0.6,no
18/03/2025 18:56:04,Very familiar,DS,Yes,Intern - Data Seience,0.35,0.5,0.3,0.1,,"Medium, Low",Low,Medium,High,200,500- 1000,5000,50 – 100 km,"Online Shopping, In-store Purchases, Grocery Purchases, Travel",0.5,0.5 -0.75,0.75,.
16/03/2025 23:38:50,Somewhat familiar,IT,Yes,Intern - IT,0.3,0.2,0.25,0.25,,Low,Low,Medium,High,500,500 and 1000,1000,More than 100 km,"Online Shopping, In-store Purchases, Grocery Purchases, Miscellaneous Online Transactions",0.3,0.3 and 0.6,0.6,no
31/01/2025 11:53:58,Not familiar,CS,Yes,security analyst intern,0.2,0.3,0.5,0.5,"Medium, Low",Low,High,High,Medium,$50,$50-$500,$500,"Less than 10 km, 10 – 50 km","Online Shopping, Entertainment, Kids pets",,,,use ANN to predict.
19/03/2025 06:18:32,Somewhat familiar,DS,Yes,Data Seience,0.3,0.2,0.25,0.25,,Medium,Low,Medium,High,500,500 - 1000,1000,More than 100 km,"Online Shopping, In-store Purchases, Grocery Purchases, Miscellaneous Online Transactions",0.3,0.3 - 0.6,0.6,no
18/03/2025 06:42:51,Somewhat familiar,DS,Yes,Data Analyst,0.3,0.25,0.2,0.25,,Low,Low,Medium,High,500,500 and 1000,1000,More than 100 km,"Online Shopping, In-store Purchases, Grocery Purchases, Personal care",0.2,0.2-0.6,0.6,no
16/03/2025 12:26:09,Somewhat familiar,IT,Yes,Intern - IT,0.3,0.2,0.25,0.25,,"Medium, Low",Low,Medium,High,500,500 and 1000,1000,More than 100 km,"Online Shopping, In-store Purchases, Grocery Purchases, Miscellaneous Online Transactions",0.3,0.3 and 0.6,0.6,no
18/03/2025 18:25:39,Somewhat familiar,SE,Yes,Software engineer,0.25,0.3,0.2,0.25,,Low,Low,Medium,Medium,300,300 and 700,1000,More than 100 km,"Online Shopping, Grocery Purchases, Food dining, Travel",0.2,0.2 and 0.4,0.4,.
18/03/2025 05:00:44,Somewhat familiar,DS,Yes,Data Analyst,0.3,0.25,0.2,0.25,,Low,Low,Medium,High,500,500 and 1000,1000,More than 100 km,"Online Shopping, In-store Purchases, Grocery Purchases, Personal care",0.2,0.2-0.6,0.6,no
19/03/2025 07:15:24,Somewhat familiar,DS,Yes,Data Seience,0.3,0.2,0.25,0.25,,Medium,Low,Medium,High,500,500 - 1000,1000,More than 100 km,"Online Shopping, In-store Purchases, Grocery Purchases, Miscellaneous Online Transactions",0.3,0.3 - 0.6,0.6,no
13/03/2025 21:58:39,Somewhat familiar,CS,Yes,Cyber Security Intern,0.3,0.2,0.25,0.25,,Low,Low,Medium,High,500,500 and 1000,1000,More than 100 km,"Online Shopping, In-store Purchases, Grocery Purchases, Miscellaneous Online Transactions",,,,No
13/03/2025 22:09:44,Somewhat familiar,CS,Yes,Cyber Security Intern,0.3,0.2,0.25,0.25,,Low,Low,Medium,High,500,500 and 1000,1000,More than 100 km,"Online Shopping, In-store Purchases, Grocery Purchases, Miscellaneous Online Transactions",,,,No
14/03/2025 13:08:46,Very familiar,CS,Yes,SOC Analyst,0.3,0.2,0.25,0.25,,Low,Low,Medium,Medium,500,500 and 1000,1000,More than 100 km,"Online Shopping, In-store Purchases, Grocery Purchases, Food dining",0.3,0.3 and 0.6,0.6,.
19/03/2025 07:01:53,Somewhat familiar,DS,Yes,Data Seience,0.3,0.2,0.25,0.25,,Medium,Low,Medium,High,500,500 - 1000,1000,More than 100 km,"Online Shopping, In-store Purchases, Grocery Purchases, Miscellaneous Online Transactions",0.3,0.3 - 0.6,0.6,no
18/03/2025 07:01:19,Somewhat familiar,SE,Yes,Software engineer,0.25,0.3,0.2,0.25,,Low,Low,Medium,Medium,300,300 and 700,1000,More than 100 km,"Online Shopping, Grocery Purchases, Food dining, Travel",0.2,0.2 and 0.4,0.4,.
18/03/2025 02:04:17,Somewhat familiar,DS,Yes,Data Analyst,0.3,0.25,0.2,0.25,,Low,Low,Medium,High,500,500 and 1000,1000,More than 100 km,"Online Shopping, In-store Purchases, Grocery Purchases, Personal care",0.2,0.2-0.6,0.6,no
16/03/2025 23:31:25,Somewhat familiar,IT,Yes,Intern - IT,0.3,0.2,0.25,0.25,,Low,Low,Medium,High,500,500 and 1000,1000,More than 100 km,"Online Shopping, In-store Purchases, Grocery Purchases, Miscellaneous Online Transactions",0.3,0.3 and 0.6,0.6,no
19/03/2025 11:25:38,Somewhat familiar,CSNE,Yes,Network Engineer,0.3,0.2,0.25,0.25,High,Medium,Low,Medium,High,500,500 -1000,1000,More than 100 km,"Online Shopping, In-store Purchases, Miscellaneous Online Transactions, Miscellaneous Point of Sale",0.3,0.3 - 0.6,0.6,
18/03/2025 04:57:43,Somewhat familiar,DS,Yes,Data Analyst,0.3,0.25,0.2,0.25,,Low,Low,Medium,High,500,500 and 1000,1000,More than 100 km,"Online Shopping, In-store Purchases, Grocery Purchases, Personal care",0.2,0.2-0.6,0.6,no
18/03/2025 01:50:40,Somewhat familiar,DS,Yes,Data Analyst,0.3,0.25,0.2,0.25,,Low,Low,Medium,High,500,500 and 1000,1000,More than 100 km,"Online Shopping, In-store Purchases, Grocery Purchases, Personal care",0.2,0.2-0.6,0.6,no
18/03/2025 01:46:52,Somewhat familiar,DS,Yes,Data Analyst,0.3,0.25,0.2,0.25,,Low,Low,Medium,High,500,500 and 1000,1000,More than 100 km,"Online Shopping, In-store Purchases, Grocery Purchases, Personal care",0.2,0.2-0.6,0.6,no
16/03/2025 13:53:55,Somewhat familiar,IT,Yes,Intern - IT,0.3,0.2,0.25,0.25,,"Medium, Low",Low,Medium,High,500,500 and 1000,1000,More than 100 km,"Online Shopping, In-store Purchases, Grocery Purchases, Miscellaneous Online Transactions",0.3,0.3 and 0.6,0.6,no
14/03/2025 13:18:56,Very familiar,CS,Yes,SOC Analyst,0.3,0.2,0.25,0.25,,Low,Low,Medium,Medium,500,500 and 1000,1000,More than 100 km,"Online Shopping, In-store Purchases, Grocery Purchases, Food dining",0.3,0.3 and 0.6,0.6,.
16/03/2025 14:40:57,Somewhat familiar,IT,Yes,Intern - IT,0.3,0.2,0.25,0.25,,"Medium, Low",Low,Medium,High,500,500 and 1000,1000,More than 100 km,"Online Shopping, In-store Purchases, Grocery Purchases, Miscellaneous Online Transactions",0.3,0.3 and 0.6,0.6,no
19/03/2025 08:08:50,Somewhat familiar,CSNE,Yes,Network engineer,0.25,0.3,0.3,0.2,High,Medium,Low,Medium,High,300,300-700,1500,More than 100 km,"Online Shopping, In-store Purchases, Grocery Purchases, Miscellaneous Online Transactions",0.1,0.2-0.6,0.75,no
16/03/2025 13:31:55,Somewhat familiar,IT,Yes,Intern - IT,0.3,0.2,0.25,0.25,,Medium,Low,Medium,High,500,500 and 1000,1000,More than 100 km,"Online Shopping, In-store Purchases, Grocery Purchases, Miscellaneous Online Transactions",0.3,0.3 and 0.6,0.6,no
14/03/2025 13:23:48,Very familiar,CS,Yes,SOC Analyst,0.3,0.2,0.25,0.25,,Low,Low,Medium,Medium,500,500 and 1000,1000,More than 100 km,"Online Shopping, In-store Purchases, Grocery Purchases, Food dining",0.3,0.3 and 0.6,0.6,.
14/03/2025 15:04:20,Very familiar,CS,Yes,SOC Analyst,0.3,0.2,0.25,0.25,,Low,Low,Medium,Medium,500,500 and 1000,1000,More than 100 km,"Online Shopping, In-store Purchases, Grocery Purchases, Food dining",0.3,0.3 and 0.6,0.6,.
18/03/2025 18:49:22,Very familiar,DS,Yes,Intern - Data Seience,0.35,0.5,0.3,0.1,,"Medium, Low",Low,Medium,High,200,500- 1000,5000,50 – 100 km,"Online Shopping, In-store Purchases, Grocery Purchases, Travel",0.5,0.5 -0.75,0.75,.
18/03/2025 05:03:32,Somewhat familiar,DS,Yes,Data Analyst,0.3,0.25,0.2,0.25,,Low,Low,Medium,High,500,500 and 1000,1000,More than 100 km,"Online Shopping, In-store Purchases, Grocery Purchases, Personal care",0.2,0.2-0.6,0.6,no
30/01/2025 20:44:24,Very familiar,IT,No,,0.2,0.25,0.25,0.3,Low,Medium,Medium,Low,Medium,500,"750,900",1200,10 – 50 km,Online Shopping,,,,
14/03/2025 00:41:14,Somewhat familiar,SE,Yes,Cyber Security Intern,0.3,0.2,0.25,0.25,,Low,Low,Medium,High,500,500 and 1000,1000,More than 100 km,"Online Shopping, In-store Purchases, Grocery Purchases, Miscellaneous Online Transactions",,,,No
16/03/2025 13:58:31,Somewhat familiar,IT,Yes,Intern - IT,0.3,0.2,0.25,0.25,,"Medium, Low",Low,Medium,High,500,500 and 1000,1000,More than 100 km,"Online Shopping, In-store Purchases, Grocery Purchases, Miscellaneous Online Transactions",0.3,0.3 and 0.6,0.6,no
19/03/2025 07:35:17,Somewhat familiar,DS,Yes,Data Seience,0.3,0.2,0.25,0.25,,Medium,Low,Medium,High,500,500 - 1000,1000,More than 100 km,"Online Shopping, In-store Purchases, Grocery Purchases, Miscellaneous Online Transactions",0.3,0.3 - 0.6,0.6,no
19/03/2025 01:31:05,Somewhat familiar,DS,Yes,Data Seience,0.3,0.2,0.25,0.25,High,Medium,Low,Medium,High,500,500 - 1000,1000,More than 100 km,"Online Shopping, In-store Purchases, Grocery Purchases, Miscellaneous Online Transactions",0.3,0.3 - 0.6,0.6,no
30/01/2025 21:55:04,Somewhat familiar,IT,Yes,Trainee engineer ,0.35,0.2,0.25,0.2,Medium,Medium,Medium,Medium,High,100,100-1000,1000,Less than 10 km,"In-store Purchases, Personal care, Travel, Entertainment, Miscellaneous Point of Sale",,,,"Use machine learning,AI to predict risk patterns "
16/03/2025 16:00:46,Somewhat familiar,IT,Yes,Intern - IT,0.3,0.2,0.25,0.25,,"Medium, Low",Low,Medium,High,500,500 and 1000,1000,More than 100 km,"Online Shopping, In-store Purchases, Grocery Purchases, Miscellaneous Online Transactions",0.3,0.3 and 0.6,0.6,no
16/03/2025 14:00:27,Somewhat familiar,IT,Yes,Intern - IT,0.3,0.2,0.25,0.25,,"Medium, Low",Low,Medium,High,500,500 and 1000,1000,More than 100 km,"Online Shopping, In-store Purchases, Grocery Purchases, Miscellaneous Online Transactions",0.3,0.3 and 0.6,0.6,no
13/03/2025 22:12:55,Somewhat familiar,CS,Yes,Cyber Security Intern,0.3,0.2,0.25,0.25,,Low,Low,Medium,High,500,500 and 1000,1000,More than 100 km,"Online Shopping, In-store Purchases, Grocery Purchases, Miscellaneous Online Transactions",,,,No
16/03/2025 14:40:25,Somewhat familiar,IT,Yes,Intern - IT,0.3,0.2,0.25,0.25,,"Medium, Low",Low,Medium,High,500,500 and 1000,1000,More than 100 km,"Online Shopping, In-store Purchases, Grocery Purchases, Miscellaneous Online Transactions",0.3,0.3 and 0.6,0.6,no
19/03/2025 07:32:31,Somewhat familiar,DS,Yes,Data Seience,0.3,0.2,0.25,0.25,,Medium,Low,Medium,High,500,500 - 1000,1000,More than 100 km,"Online Shopping, In-store Purchases, Grocery Purchases, Miscellaneous Online Transactions",0.3,0.3 - 0.6,0.6,no
16/03/2025 13:59:40,Somewhat familiar,IT,Yes,Intern - IT,0.3,0.2,0.25,0.25,,"Medium, Low",Low,Medium,High,500,500 and 1000,1000,More than 100 km,"Online Shopping, In-store Purchases, Grocery Purchases, Miscellaneous Online Transactions",0.3,0.3 and 0.6,0.6,no
18/03/2025 04:48:34,Somewhat familiar,DS,Yes,Data Analyst,0.3,0.25,0.2,0.25,,Low,Low,Medium,High,500,500 and 1000,1000,More than 100 km,"Online Shopping, In-store Purchases, Grocery Purchases, Personal care",0.2,0.2-0.6,0.6,no
18/03/2025 05:01:49,Somewhat familiar,DS,Yes,Data Analyst,0.3,0.25,0.2,0.25,,Low,Low,Medium,High,500,500 and 1000,1000,More than 100 km,"Online Shopping, In-store Purchases, Grocery Purchases, Personal care",0.2,0.2-0.6,0.6,no
19/03/2025 06:16:16,Somewhat familiar,DS,Yes,Data Seience,0.3,0.2,0.25,0.25,,Medium,Low,Medium,High,500,500 - 1000,1000,More than 100 km,"Online Shopping, In-store Purchases, Grocery Purchases, Miscellaneous Online Transactions",0.3,0.3 - 0.6,0.6,no
18/03/2025 06:57:22,Somewhat familiar,SE,Yes,Software engineer,0.25,0.3,0.2,0.25,,Low,Low,Medium,Medium,300,300 and 700,1000,More than 100 km,"Online Shopping, Grocery Purchases, Food dining, Travel",0.2,0.2 and 0.4,0.4,.
18/03/2025 18:53:05,Very familiar,DS,Yes,Intern - Data Seience,0.35,0.5,0.3,0.1,,"Medium, Low",Low,Medium,High,200,500- 1000,5000,50 – 100 km,"Online Shopping, In-store Purchases, Grocery Purchases, Travel",0.5,0.5 -0.75,0.75,.
18/03/2025 02:03:11,Somewhat familiar,DS,Yes,Data Analyst,0.3,0.25,0.2,0.25,,Low,Low,Medium,High,500,500 and 1000,1000,More than 100 km,"Online Shopping, In-store Purchases, Grocery Purchases, Personal care",0.2,0.2-0.6,0.6,no
18/03/2025 19:15:23,Very familiar,DS,Yes,Intern - Data Seience,0.35,0.5,0.3,0.1,,"Medium, Low",Low,Medium,High,200,,5000,50 – 100 km,"Online Shopping, In-store Purchases, Grocery Purchases, Travel",0.5,0.5 -0.75,0.75,.
14/03/2025 13:39:48,Very familiar,CS,Yes,SOC Analyst,0.3,0.2,0.25,0.25,,Low,Low,Medium,Medium,500,500 and 1000,1000,More than 100 km,"Online Shopping, In-store Purchases, Grocery Purchases, Food dining",0.3,0.3 and 0.6,0.6,.
16/03/2025 23:36:22,Somewhat familiar,IT,Yes,Intern - IT,0.3,0.2,0.25,0.25,,Low,Low,Medium,High,500,500 and 1000,1000,More than 100 km,"Online Shopping, In-store Purchases, Grocery Purchases, Miscellaneous Online Transactions",0.3,0.3 and 0.6,0.6,no
16/03/2025 11:19:36,Somewhat familiar,IT,Yes,Intern - IT,0.3,0.2,0.25,0.25,,Medium,Low,Medium,High,500,500 and 1000,1000,More than 100 km,"Online Shopping, In-store Purchases, Grocery Purchases, Miscellaneous Online Transactions",0.3,0.3 and 0.6,0.6,no
16/03/2025 14:02:27,Somewhat familiar,IT,Yes,Intern - IT,0.3,0.2,0.25,0.25,,Medium,Low,Medium,High,500,500 and 1000,1000,More than 100 km,"Online Shopping, In-store Purchases, Grocery Purchases, Miscellaneous Online Transactions",0.3,0.3 and 0.6,0.6,no
18/03/2025 20:19:41,Very familiar,SE,Yes,Software engineer ,0.2,0.5,0.3,0.1,,Medium,,Medium,High,200,200 - 500,1200,More than 100 km,"Online Shopping, In-store Purchases, Grocery Purchases, Gas transport",0.3,0.2 - 0.5,0.5,.
18/03/2025 02:00:52,Somewhat familiar,DS,Yes,Data Analyst,0.3,0.25,0.2,0.25,,Low,Low,Medium,High,500,500 and 1000,1000,More than 100 km,"Online Shopping, In-store Purchases, Grocery Purchases, Personal care",0.2,0.2-0.6,0.6,no
16/03/2025 23:37:39,Somewhat familiar,IT,Yes,Intern - IT,0.3,0.2,0.25,0.25,,Low,Low,Medium,High,500,500 and 1000,1000,More than 100 km,"Online Shopping, In-store Purchases, Grocery Purchases, Miscellaneous Online Transactions",0.3,0.3 and 0.6,0.6,no
30/01/2025 19:30:44,Somewhat familiar,IT,Yes,,0.35,0.2,0.25,0.2,Medium,Medium,Medium,Medium,Medium,,,,10 – 50 km,"Online Shopping, In-store Purchases, Miscellaneous Online Transactions, Personal care",,,,
19/03/2025 05:54:48,Somewhat familiar,DS,Yes,Data Seience,0.3,0.2,0.25,0.25,,Medium,Low,Medium,High,500,500 - 1000,1000,More than 100 km,"Online Shopping, In-store Purchases, Grocery Purchases, Miscellaneous Online Transactions",0.3,0.3 - 0.6,0.6,no
14/03/2025 13:22:47,Very familiar,CS,Yes,SOC Analyst,0.3,0.2,0.25,0.25,,Low,Low,Medium,Medium,500,500 and 1000,1000,More than 100 km,"Online Shopping, In-store Purchases, Grocery Purchases, Food dining",0.3,0.3 and 0.6,0.6,.
17/03/2025 02:53:56,Somewhat familiar,DS,Yes,Data Analyst,0.3,0.25,0.2,0.25,,Low,Low,Medium,High,500,500 and 1000,1000,More than 100 km,"Online Shopping, In-store Purchases, Grocery Purchases, Personal care",0.2,0.2-0.6,0.6,no
16/03/2025 23:35:55,Somewhat familiar,IT,Yes,Intern - IT,0.3,0.2,0.25,0.25,,Low,Low,Medium,High,500,500 and 1000,1000,More than 100 km,"Online Shopping, In-store Purchases, Grocery Purchases, Miscellaneous Online Transactions",0.3,0.3 and 0.6,0.6,no
18/03/2025 01:53:37,Somewhat familiar,DS,Yes,Data Analyst,0.3,0.25,0.2,0.25,,Low,Low,Medium,High,500,500 and 1000,1000,More than 100 km,"Online Shopping, In-store Purchases, Grocery Purchases, Personal care",0.2,0.2-0.6,0.6,no
16/03/2025 14:01:24,Somewhat familiar,IT,Yes,Intern - IT,0.3,0.2,0.25,0.25,,"Medium, Low",Low,Medium,High,500,500 and 1000,1000,More than 100 km,"Online Shopping, In-store Purchases, Grocery Purchases, Miscellaneous Online Transactions",0.3,0.3 and 0.6,0.6,no
19/03/2025 01:33:41,Somewhat familiar,DS,Yes,Data Seience,0.3,0.2,0.25,0.25,,Medium,Low,Medium,High,500,500 - 1000,1000,More than 100 km,"Online Shopping, In-store Purchases, Grocery Purchases, Miscellaneous Online Transactions",0.3,0.3 - 0.6,0.6,no
19/03/2025 07:43:34,Somewhat familiar,DS,Yes,Data Seience,0.3,0.2,0.25,0.25,,Medium,Low,Medium,High,500,500 - 1000,1000,More than 100 km,"Online Shopping, In-store Purchases, Grocery Purchases, Miscellaneous Online Transactions",0.3,0.3 - 0.6,0.6,no
18/03/2025 20:44:50,Very familiar,SE,Yes,Software engineer ,0.2,0.5,0.3,0.1,,Medium,,Medium,High,200,200 - 500,1200,More than 100 km,"Online Shopping, In-store Purchases, Grocery Purchases, Gas transport",0.3,0.2 - 0.5,0.5,.
19/03/2025 07:36:22,Somewhat familiar,DS,Yes,Data Seience,0.3,0.2,0.25,0.25,,Medium,Low,Medium,High,500,500 - 1000,1000,More than 100 km,"Online Shopping, In-store Purchases, Grocery Purchases, Miscellaneous Online Transactions",0.3,0.3 - 0.6,0.6,no
16/03/2025 11:18:43,Somewhat familiar,IT,Yes,Intern - IT,0.3,0.2,0.25,0.25,,Medium,Low,Medium,High,500,500 and 1000,1000,More than 100 km,"Online Shopping, In-store Purchases, Grocery Purchases, Miscellaneous Online Transactions",0.3,0.3 and 0.6,0.6,no
30/01/2025 21:13:14,Somewhat familiar,CS,Yes,Mechanical engineering training ,0.3,0.2,0.25,0.25,High,Medium,Low,High,Low,500,500 & 1000,1000,More than 100 km,Gas transport,,,,Give speed limit
18/03/2025 01:40:29,Somewhat familiar,DS,Yes,Data Analyst,0.3,0.25,0.2,0.25,,Low,Low,Medium,High,500,500 and 1000,1000,More than 100 km,"Online Shopping, In-store Purchases, Grocery Purchases, Personal care",0.2,0.2-0.6,0.6,no
16/03/2025 12:27:42,Somewhat familiar,IT,Yes,Intern - IT,0.3,0.2,0.25,0.25,,"Medium, Low",Low,Medium,High,500,500 and 1000,1000,More than 100 km,"Online Shopping, In-store Purchases, Grocery Purchases, Miscellaneous Online Transactions",0.3,0.3 and 0.6,0.6,no
16/03/2025 16:00:27,Somewhat familiar,IT,Yes,Intern - IT,0.3,0.2,0.25,0.25,,"Medium, Low",Low,Medium,High,500,500 and 1000,1000,More than 100 km,"Online Shopping, In-store Purchases, Grocery Purchases, Miscellaneous Online Transactions",0.3,0.3 and 0.6,0.6,no
18/03/2025 18:18:24,Somewhat familiar,SE,Yes,Software engineer,0.25,0.3,0.2,0.25,,,,,Medium,300,300 and 700,1000,More than 100 km,"Online Shopping, Grocery Purchases, Food dining, Travel",0.2,0.2 and 0.4,0.4,.
14/03/2025 12:50:05,Very familiar,CS,Yes,SOC Analyst,0.3,0.2,0.25,0.25,,Low,Low,Medium,Medium,500,500 and 1000,1000,More than 100 km,"Online Shopping, In-store Purchases, Grocery Purchases, Food dining",0.3,0.3 and 0.6,0.6,.
14/03/2025 14:04:34,Very familiar,CS,Yes,SOC Analyst,0.3,0.2,0.25,0.25,,Low,Low,Medium,Medium,500,500 and 1000,1000,More than 100 km,"Online Shopping, In-store Purchases, Grocery Purchases, Food dining",0.3,0.3 and 0.6,0.6,.
01/02/2025 10:59:04,Somewhat familiar,CS,Yes,Cybersecurity - Consultant ,0.25,0.25,0.25,0.25,High,Medium,Low,Low,Low,100,500,1000,"Less than 10 km, 10 – 50 km","Online Shopping, In-store Purchases, Grocery Purchases, Miscellaneous Online Transactions, Food dining, Home",,,,
13/03/2025 20:35:53,Somewhat familiar,CS,Yes,Cyber Security Intern,0.3,0.2,0.25,0.25,,Low,Low,Medium,High,500,500 and 1000,1000,More than 100 km,"Online Shopping, In-store Purchases, Grocery Purchases, Miscellaneous Online Transactions",,,,No
16/03/2025 14:38:54,Somewhat familiar,IT,Yes,Intern - IT,0.3,0.2,0.25,0.25,,"Medium, Low",Low,Medium,High,500,500 and 1000,1000,More than 100 km,"Online Shopping, In-store Purchases, Grocery Purchases, Miscellaneous Online Transactions",0.3,0.3 and 0.6,0.6,no
19/03/2025 07:48:58,Somewhat familiar,DS,Yes,Data Seience,0.3,0.2,0.25,0.25,,Medium,Low,Medium,High,500,500 - 1000,1000,More than 100 km,"Online Shopping, In-store Purchases, Grocery Purchases, Miscellaneous Online Transactions",0.3,0.3 - 0.6,0.6,no
18/03/2025 02:12:19,Somewhat familiar,DS,Yes,Data Analyst,0.3,0.25,0.2,0.25,,Low,Low,Medium,High,500,500 and 1000,1000,More than 100 km,"Online Shopping, In-store Purchases, Grocery Purchases, Personal care",0.2,0.2-0.6,0.6,no
18/03/2025 04:58:44,Somewhat familiar,DS,Yes,Data Analyst,0.3,0.25,0.2,0.25,,Low,Low,Medium,High,500,500 and 1000,1000,More than 100 km,"Online Shopping, In-store Purchases, Grocery Purchases, Personal care",0.2,0.2-0.6,0.6,no
18/03/2025 05:12:47,Somewhat familiar,DS,Yes,Data Analyst,0.3,0.25,0.2,0.25,,Low,Low,Medium,High,500,500 and 1000,1000,More than 100 km,"Online Shopping, In-store Purchases, Grocery Purchases, Personal care",0.2,0.2-0.6,0.6,no
18/03/2025 06:44:52,Somewhat familiar,DS,Yes,Data Analyst,0.3,0.25,0.2,0.25,,Low,Low,Medium,High,500,500 and 1000,1000,More than 100 km,"Online Shopping, In-store Purchases, Grocery Purchases, Personal care",0.2,0.2-0.6,0.6,no
14/03/2025 13:11:31,Very familiar,CS,Yes,SOC Analyst,0.3,0.2,0.25,0.25,,Low,Low,Medium,Medium,500,500 and 1000,1000,More than 100 km,"Online Shopping, In-store Purchases, Grocery Purchases, Food dining",0.3,0.3 and 0.6,0.6,.
14/03/2025 00:05:56,Somewhat familiar,CS,Yes,Cyber Security Intern,0.3,0.2,0.25,0.25,,Low,Low,Medium,High,500,500 and 1000,1000,More than 100 km,"Online Shopping, In-store Purchases, Grocery Purchases, Miscellaneous Online Transactions",,,,No
30/01/2025 20:31:16,Somewhat familiar,IT,Yes,Internship ,0.4,0.3,0.2,0.1,Low,Medium,High,High,Medium,,,,More than 100 km,"Online Shopping, Food dining, Travel",,,,
19/03/2025 11:03:32,Somewhat familiar,CS,Yes,Cyber Security - Intern,0.4,0.1,0.25,0.25,High,Medium,Low,Medium,High,300,300-700,1500,More than 100 km,"Online Shopping, In-store Purchases, Grocery Purchases, Miscellaneous Online Transactions",0.1,0.2-0.6,0.75,no
18/03/2025 20:12:32,Very familiar,SE,Yes,Software engineer ,0.2,0.5,0.3,0.1,,Medium,,Medium,High,200,200 - 500,1200,More than 100 km,"Online Shopping, In-store Purchases, Grocery Purchases, Gas transport",0.3,0.2 - 0.5,0.5,.
16/03/2025 13:54:15,Somewhat familiar,IT,Yes,Intern - IT,0.3,0.2,0.25,0.25,,"Medium, Low",Low,Medium,High,500,500 and 1000,1000,More than 100 km,"Online Shopping, In-store Purchases, Grocery Purchases, Miscellaneous Online Transactions",0.3,0.3 and 0.6,0.6,no
30/01/2025 19:57:15,Somewhat familiar,SE,Yes,Trainee Software Engineer ,0.2,0.1,0.2,0.2,Medium,Medium,Medium,Medium,Medium,100,200 and 500,1000,50 – 100 km,"Online Shopping, In-store Purchases, Grocery Purchases, Miscellaneous Online Transactions, Personal care, Gas transport, Food dining, Travel, Entertainment, Home, Kids pets, Health fitness, Miscellaneous Point of Sale",,,,
18/03/2025 19:50:53,Very familiar,DS,Yes,Intern - Data Seience,0.35,0.5,0.3,0.1,,"Medium, Low",Low,Medium,High,200,,5000,50 – 100 km,"Online Shopping, In-store Purchases, Grocery Purchases, Travel",0.5,0.5 -0.75,0.75,.
18/03/2025 01:57:08,Somewhat familiar,DS,Yes,Data Analyst,0.3,0.25,0.2,0.25,,Low,Low,Medium,High,500,500 and 1000,1000,More than 100 km,"Online Shopping, In-store Purchases, Grocery Purchases, Personal care",0.2,0.2-0.6,0.6,no
13/03/2025 19:03:15,Somewhat familiar,CS,Yes,SOC Analyst,0.3,0.2,0.25,0.25,High,Low,Low,Medium,High,500,500 and 1000,1000,More than 100 km,"Online Shopping, In-store Purchases, Grocery Purchases, Miscellaneous Online Transactions",,,,No
13/03/2025 22:03:28,Somewhat familiar,CS,Yes,Cyber Security Intern,0.3,0.2,0.25,0.25,,Low,Low,Medium,High,500,500 and 1000,1000,More than 100 km,"Online Shopping, In-store Purchases, Grocery Purchases, Miscellaneous Online Transactions",,,,No
18/03/2025 20:36:52,Very familiar,SE,Yes,Software engineer ,0.2,0.5,0.3,0.1,,Medium,,Medium,High,200,200 - 500,1200,More than 100 km,"Online Shopping, In-store Purchases, Grocery Purchases, Gas transport",0.3,0.2 - 0.5,0.5,.
13/03/2025 18:26:25,Very familiar,CS,Yes,SOC Analyst,0.3,0.2,0.25,0.25,High,Low,Low,Medium,Medium,$500,$500 and $1000,$1000,More than 100 km,"Online Shopping, In-store Purchases, Grocery Purchases, Miscellaneous Online Transactions",,,,no
14/03/2025 13:02:27,Very familiar,CS,Yes,SOC Analyst,0.3,0.2,0.25,0.25,,Low,Low,Medium,Medium,500,500 and 1000,1000,More than 100 km,"Online Shopping, In-store Purchases, Grocery Purchases, Food dining",0.3,0.3 and 0.6,0.6,.
30/01/2025 21:19:01,Somewhat familiar,Electrical,No,Electrical Engineering Trainer,0.3,0.2,0.25,0.25,Low,Medium,Medium,High,Low,500,500 and 1000,1000,50 – 100 km,Online Shopping,,,,
16/03/2025 17:52:06,Somewhat familiar,IT,Yes,Intern - IT,0.3,0.2,0.25,0.25,,,Low,Medium,High,500,500 and 1000,1000,More than 100 km,"Online Shopping, In-store Purchases, Grocery Purchases, Miscellaneous Online Transactions",0.3,0.3 and 0.6,0.6,no
01/02/2025 10:32:16,Somewhat familiar,CS,Yes,Intern,0.3,0.2,0.3,0.2,Medium,Medium,High,High,Medium,200$,201$ and 1000$,1000$,50 – 100 km,"Online Shopping, Personal care, Entertainment, Health fitness",,,,
16/03/2025 14:34:21,Somewhat familiar,IT,Yes,Intern - IT,0.3,0.2,0.25,0.25,,"Medium, Low",Low,Medium,High,500,500 and 1000,1000,More than 100 km,"Online Shopping, In-store Purchases, Grocery Purchases, Miscellaneous Online Transactions",0.3,0.3 and 0.6,0.6,no
13/03/2025 21:18:19,Somewhat familiar,CS,Yes,Cyber Security Intern,0.3,0.2,0.25,0.25,,Low,Low,Medium,High,500,500 and 1000,1000,More than 100 km,"Online Shopping, In-store Purchases, Grocery Purchases, Miscellaneous Online Transactions",,,,No
16/03/2025 14:39:25,Somewhat familiar,IT,Yes,Intern - IT,0.3,0.2,0.25,0.25,,"Medium, Low",Low,Medium,High,500,500 and 1000,1000,More than 100 km,"Online Shopping, In-store Purchases, Grocery Purchases, Miscellaneous Online Transactions",0.3,0.3 and 0.6,0.6,no
13/03/2025 22:02:10,Somewhat familiar,CS,Yes,Cyber Security Intern,0.3,0.2,0.25,0.25,,Low,Low,Medium,High,500,500 and 1000,1000,More than 100 km,"Online Shopping, In-store Purchases, Grocery Purchases, Miscellaneous Online Transactions",,,,No
16/03/2025 13:57:10,Somewhat familiar,IT,Yes,Intern - IT,0.3,0.2,0.25,0.25,,Medium,Low,Medium,High,500,500 and 1000,1000,More than 100 km,"Online Shopping, In-store Purchases, Grocery Purchases, Miscellaneous Online Transactions",0.3,0.3 and 0.6,0.6,no
16/03/2025 14:00:46,Somewhat familiar,IT,Yes,Intern - IT,0.3,0.2,0.25,0.25,,"Medium, Low",Low,Medium,High,500,500 and 1000,1000,More than 100 km,"Online Shopping, In-store Purchases, Grocery Purchases, Miscellaneous Online Transactions",0.3,0.3 and 0.6,0.6,no
14/03/2025 15:17:16,Very familiar,CS,Yes,SOC Analyst,0.3,0.2,0.25,0.25,,Low,Low,Medium,Medium,500,500 and 1000,1000,More than 100 km,"Online Shopping, In-store Purchases, Grocery Purchases, Food dining",0.3,0.3 and 0.6,0.6,.
16/03/2025 13:54:54,Somewhat familiar,IT,Yes,Intern - IT,0.3,0.2,0.25,0.25,,"Medium, Low",Low,Medium,High,500,500 and 1000,1000,More than 100 km,"Online Shopping, In-store Purchases, Grocery Purchases, Miscellaneous Online Transactions",0.3,0.3 and 0.6,0.6,no
16/03/2025 14:01:42,Somewhat familiar,IT,Yes,Intern - IT,0.3,0.2,0.25,0.25,,"Medium, Low",Low,Medium,High,500,500 and 1000,1000,More than 100 km,"Online Shopping, In-store Purchases, Grocery Purchases, Miscellaneous Online Transactions",0.3,0.3 and 0.6,0.6,no
18/03/2025 19:27:29,Very familiar,DS,Yes,Intern - Data Seience,0.35,0.5,0.3,0.1,,"Medium, Low",Low,Medium,High,200,,5000,50 – 100 km,"Online Shopping, In-store Purchases, Grocery Purchases, Travel",0.5,0.5 -0.75,0.75,.
16/03/2025 23:33:49,Somewhat familiar,IT,Yes,Intern - IT,0.3,0.2,0.25,0.25,,Low,Low,Medium,High,500,500 and 1000,1000,More than 100 km,"Online Shopping, In-store Purchases, Grocery Purchases, Miscellaneous Online Transactions",0.3,0.3 and 0.6,0.6,no
19/03/2025 11:28:44,Somewhat familiar,CSNE,Yes,Network Engineer,0.4,0.1,0.25,0.25,High,Medium,Low,Medium,High,500,500-1000,1000,More than 100 km,"Online Shopping, In-store Purchases, Miscellaneous Online Transactions, Miscellaneous Point of Sale",0.3,0.3 - 0.75,0.75,No
18/03/2025 05:07:17,Somewhat familiar,DS,Yes,Data Analyst,0.3,0.25,0.2,0.25,,Low,Low,Medium,High,500,500 and 1000,1000,More than 100 km,"Online Shopping, In-store Purchases, Grocery Purchases, Personal care",0.2,0.2-0.6,0.6,no
16/03/2025 14:39:59,Somewhat familiar,IT,Yes,Intern - IT,0.3,0.2,0.25,0.25,,"Medium, Low",Low,Medium,High,500,500 and 1000,1000,More than 100 km,"Online Shopping, In-store Purchases, Grocery Purchases, Miscellaneous Online Transactions",0.3,0.3 and 0.6,0.6,no
13/03/2025 20:56:06,Somewhat familiar,CS,Yes,Cyber Security Intern,0.3,0.2,0.25,0.25,,Low,Low,Medium,High,500,500 and 1000,1000,More than 100 km,"Online Shopping, In-store Purchases, Grocery Purchases, Miscellaneous Online Transactions",,,,No
16/03/2025 14:03:09,Somewhat familiar,IT,Yes,Intern - IT,0.3,0.2,0.25,0.25,,"Medium, Low",Low,Medium,High,500,500 and 1000,1000,More than 100 km,"Online Shopping, In-store Purchases, Grocery Purchases, Miscellaneous Online Transactions",0.3,0.3 and 0.6,0.6,no
16/03/2025 16:03:25,Somewhat familiar,IT,Yes,Intern - IT,0.3,0.2,0.25,0.25,,"Medium, Low",Low,Medium,High,500,500 and 1000,1000,More than 100 km,"Online Shopping, In-store Purchases, Grocery Purchases, Miscellaneous Online Transactions",0.3,0.3 and 0.6,0.6,no
14/03/2025 18:01:19,Very familiar,CS,Yes,SOC Analyst,0.3,0.2,0.25,0.25,,Low,Low,Medium,Medium,500,500 and 1000,1000,More than 100 km,"Online Shopping, In-store Purchases, Grocery Purchases, Food dining",0.3,0.3 and 0.6,0.6,.
14/03/2025 15:18:55,Very familiar,CS,Yes,SOC Analyst,0.3,0.2,0.25,0.25,,Low,Low,Medium,Medium,500,500 and 1000,1000,More than 100 km,"Online Shopping, In-store Purchases, Grocery Purchases, Food dining",0.3,0.3 and 0.6,0.6,.
18/03/2025 20:32:03,Very familiar,SE,Yes,Software engineer ,0.2,0.5,0.3,0.1,,Medium,,Medium,High,200,200 - 500,1200,More than 100 km,"Online Shopping, In-store Purchases, Grocery Purchases, Gas transport",0.3,0.2 - 0.5,0.5,.
14/03/2025 11:48:38,Very familiar,CS,Yes,SOC Analyst,0.3,0.2,0.25,0.25,High,Low,Low,Medium,Medium,500,500 and 1000,1000,More than 100 km,"In-store Purchases, Grocery Purchases, Miscellaneous Online Transactions, Food dining",0.3,0.3 and 0.6,0.6,.
13/03/2025 15:19:35,Somewhat familiar,CS,Yes,SOC Analyst,0.3,0.2,0.25,0.25,High,Low,Low,Medium,Medium,$500,$500 between $1000,$1000,More than 100 km,"Online Shopping, In-store Purchases, Grocery Purchases, Miscellaneous Online Transactions",,,,no
13/03/2025 21:39:36,Somewhat familiar,CS,Yes,Cyber Security Intern,0.3,0.2,0.25,0.25,,Low,Low,Medium,High,500,500 and 1000,1000,More than 100 km,"Online Shopping, In-store Purchases, Grocery Purchases, Miscellaneous Online Transactions",,,,No
16/03/2025 14:39:42,Somewhat familiar,IT,Yes,Intern - IT,0.3,0.2,0.25,0.25,,"Medium, Low",Low,Medium,High,500,500 and 1000,1000,More than 100 km,"Online Shopping, In-store Purchases, Grocery Purchases, Miscellaneous Online Transactions",0.3,0.3 and 0.6,0.6,no
16/03/2025 13:31:22,Somewhat familiar,IT,Yes,Intern - IT,0.3,0.2,0.25,0.25,,"Medium, Low",Low,Medium,High,500,500 and 1000,1000,More than 100 km,"Online Shopping, In-store Purchases, Grocery Purchases, Miscellaneous Online Transactions",0.3,0.3 and 0.6,0.6,no
14/03/2025 14:59:14,Very familiar,CS,Yes,SOC Analyst,0.3,0.2,0.25,0.25,,Low,Low,Medium,Medium,500,500 and 1000,1000,More than 100 km,"Online Shopping, In-store Purchases, Grocery Purchases, Food dining",0.3,0.3 and 0.6,0.6,.
14/03/2025 18:14:11,Very familiar,CS,Yes,SOC Analyst,0.3,0.2,0.25,0.25,,Low,Low,Medium,Medium,500,500 and 1000,1000,More than 100 km,"Online Shopping, In-store Purchases, Grocery Purchases, Food dining",0.3,0.3 and 0.6,0.6,.
16/03/2025 14:02:52,Somewhat familiar,IT,Yes,Intern - IT,0.3,0.2,0.25,0.25,,"Medium, Low",Low,Medium,High,500,500 and 1000,1000,More than 100 km,"Online Shopping, In-store Purchases, Grocery Purchases, Miscellaneous Online Transactions",0.3,0.3 and 0.6,0.6,no
29/01/2025 14:00:20,Somewhat familiar,CS,Yes,Intern SOC Analyst ,0.3,0.2,0.25,0.25,,,,,,,,,,,,,,No
18/03/2025 00:51:45,Somewhat familiar,DS,Yes,Data Analyst,0.3,0.25,0.2,0.25,,Low,Low,Medium,High,500,500 and 1000,1000,More than 100 km,"Online Shopping, In-store Purchases, Grocery Purchases, Personal care",0.2,0.2-0.6,0.6,no
13/03/2025 21:49:51,Somewhat familiar,CS,Yes,Cyber Security Intern,0.3,0.2,0.25,0.25,,Low,Low,Medium,High,500,500 and 1000,1000,More than 100 km,"Online Shopping, In-store Purchases, Grocery Purchases, Miscellaneous Online Transactions",,,,No
18/02/2025 06:41:21,Somewhat familiar,CS,Yes,AD security analyst,0.35,0.25,0.2,0.2,High,Medium,High,Medium,High,Transactions up to $100,Transactions between $101 and $1000,Transactions above $1000,More than 100 km,"Online Shopping, Miscellaneous Online Transactions, Travel, Entertainment",,,,"
Yes! Improving a risk probability prediction model for fraud detection requires a combination of data quality, feature engineering, algorithm selection, and real-time monitoring."
18/03/2025 05:05:11,Somewhat familiar,DS,Yes,Data Analyst,0.3,0.25,0.2,0.25,,Low,Low,Medium,High,500,500 and 1000,1000,More than 100 km,"Online Shopping, In-store Purchases, Grocery Purchases, Personal care",0.2,0.2-0.6,0.6,no
18/03/2025 06:55:22,Somewhat familiar,SE,Yes,Software engineer,0.25,0.3,0.2,0.25,,Low,Low,Medium,Medium,300,300 and 700,1000,More than 100 km,"Online Shopping, Grocery Purchases, Food dining, Travel",0.2,0.2 and 0.4,0.4,.
16/03/2025 23:49:59,Somewhat familiar,DS,Yes,Data Analyst,0.3,0.25,0.2,0.25,,Low,Low,Medium,High,500,500 and 1000,1000,More than 100 km,"Online Shopping, In-store Purchases, Grocery Purchases, Personal care",0.2,0.2-0.6,0.6,no
14/03/2025 13:52:45,Very familiar,CS,Yes,SOC Analyst,0.3,0.2,0.25,0.25,,Low,Low,Medium,Medium,500,500 and 1000,1000,More than 100 km,"Online Shopping, In-store Purchases, Grocery Purchases, Food dining",0.3,0.3 and 0.6,0.6,.
18/03/2025 18:26:41,Somewhat familiar,SE,Yes,Software engineer,0.25,0.3,0.2,0.25,,Low,Low,Medium,Medium,300,300 and 700,1000,More than 100 km,"Online Shopping, Grocery Purchases, Food dining, Travel",0.2,0.2 and 0.4,0.4,.
13/03/2025 22:00:02,Somewhat familiar,CS,Yes,Cyber Security Intern,0.3,0.2,0.25,0.25,,Low,Low,Medium,High,500,500 and 1000,1000,More than 100 km,"Online Shopping, In-store Purchases, Grocery Purchases, Miscellaneous Online Transactions",,,,No
13/03/2025 21:55:04,Somewhat familiar,CS,Yes,Cyber Security Intern,0.3,0.2,0.25,0.25,,Low,Low,Medium,High,500,500 and 1000,1000,More than 100 km,"Online Shopping, In-store Purchases, Grocery Purchases, Miscellaneous Online Transactions",,,,No
19/03/2025 06:19:40,Somewhat familiar,DS,Yes,Data Seience,0.3,0.2,0.25,0.25,,Medium,Low,Medium,High,500,500 - 1000,1000,More than 100 km,"Online Shopping, In-store Purchases, Grocery Purchases, Miscellaneous Online Transactions",0.3,0.3 - 0.6,0.6,no
18/03/2025 20:28:47,Very familiar,SE,Yes,Software engineer ,0.2,0.5,0.3,0.1,,Medium,,Medium,High,200,200 - 500,1200,More than 100 km,"Online Shopping, In-store Purchases, Grocery Purchases, Gas transport",0.3,0.2 - 0.5,0.5,.
30/01/2025 21:01:21,Very familiar,IT,No,IT intern,0.3,0.3,0.2,0.2,,,,,,500,500 and 1000,1000,50 – 100 km,"Online Shopping, Personal care, Gas transport",,,,
16/03/2025 11:36:32,Somewhat familiar,IT,Yes,Intern - IT,0.3,0.2,0.25,0.25,,"Medium, Low",Low,Medium,High,500,500 and 1000,1000,More than 100 km,"Online Shopping, In-store Purchases, Grocery Purchases, Miscellaneous Online Transactions",0.3,0.3 and 0.6,0.6,no
16/03/2025 23:38:03,Somewhat familiar,IT,Yes,Intern - IT,0.3,0.2,0.25,0.25,,Low,Low,Medium,High,500,500 and 1000,1000,More than 100 km,"Online Shopping, In-store Purchases, Grocery Purchases, Miscellaneous Online Transactions",0.3,0.3 and 0.6,0.6,no
17/03/2025 03:01:15,Somewhat familiar,DS,Yes,Data Analyst,0.3,0.25,0.2,0.25,,Low,Low,Medium,High,500,500 and 1000,1000,More than 100 km,"Online Shopping, In-store Purchases, Grocery Purchases, Personal care",0.2,0.2-0.6,0.6,no
16/03/2025 23:35:02,Somewhat familiar,IT,Yes,Intern - IT,0.3,0.2,0.25,0.25,,Low,Low,Medium,High,500,500 and 1000,1000,More than 100 km,"Online Shopping, In-store Purchases, Grocery Purchases, Miscellaneous Online Transactions",0.3,0.3 and 0.6,0.6,no
13/03/2025 21:45:04,Somewhat familiar,CS,Yes,Cyber Security Intern,0.3,0.2,0.25,0.25,,Low,Low,Medium,High,500,500 and 1000,1000,More than 100 km,"Online Shopping, In-store Purchases, Grocery Purchases, Miscellaneous Online Transactions",,,,No
13/03/2025 21:40:46,Somewhat familiar,CS,Yes,Cyber Security Intern,0.3,0.2,0.25,0.25,,Low,Low,Medium,High,500,500 and 1000,1000,More than 100 km,"Online Shopping, In-store Purchases, Grocery Purchases, Miscellaneous Online Transactions",,,,No
16/03/2025 11:22:36,Somewhat familiar,IT,Yes,Intern - IT,0.3,0.2,0.25,0.25,,Medium,Low,Medium,High,500,500 and 1000,1000,More than 100 km,"Online Shopping, In-store Purchases, Grocery Purchases, Miscellaneous Online Transactions",0.3,0.3 and 0.6,0.6,no
16/03/2025 12:02:25,Somewhat familiar,IT,Yes,Intern - IT,0.3,0.2,0.25,0.25,,"Medium, Low",Low,Medium,High,500,500 and 1000,1000,More than 100 km,"Online Shopping, In-store Purchases, Grocery Purchases, Miscellaneous Online Transactions",0.3,0.3 and 0.6,0.6,no
18/03/2025 06:45:52,Somewhat familiar,DS,Yes,Data Analyst,0.3,0.25,0.2,0.25,,Low,Low,Medium,High,500,500 and 1000,1000,More than 100 km,"Online Shopping, In-store Purchases, Grocery Purchases, Personal care",0.2,0.2-0.6,0.6,no
13/03/2025 14:54:21,Very familiar,CS,Yes,SOC Analyst,0.3,0.2,0.25,0.25,High,Low,Low,Medium,Medium,500,500 - 1000,1000,More than 100 km,"Online Shopping, In-store Purchases, Grocery Purchases, Miscellaneous Online Transactions",,,,.
16/03/2025 16:01:41,Somewhat familiar,IT,Yes,Intern - IT,0.3,0.2,0.25,0.25,,Medium,Low,Medium,High,500,500 and 1000,1000,More than 100 km,"Online Shopping, In-store Purchases, Grocery Purchases, Miscellaneous Online Transactions",0.3,0.3 and 0.6,0.6,no
18/03/2025 18:48:04,Very familiar,DS,Yes,Intern - Data Seience,0.35,0.5,0.3,0.1,,"Medium, Low",Low,Medium,High,200,500- 1000,5000,50 – 100 km,"Online Shopping, In-store Purchases, Grocery Purchases, Travel",0.5,0.5 -0.75,0.75,.
06/02/2025 10:58:46,Not familiar,SE,Yes,Intern Software Engineer,0.4,0.3,0.2,0.1,High,Low,Medium,Medium,High,500,500 - 1000,1000,50 – 100 km,"Online Shopping, Miscellaneous Online Transactions, Personal care, Gas transport",,,,Avoid categorizing continuous predictors and consider non-linear relationships.
17/03/2025 02:58:54,Somewhat familiar,DS,Yes,Data Analyst,0.3,0.25,0.2,0.25,,Low,Low,Medium,High,500,500 and 1000,1000,More than 100 km,"Online Shopping, In-store Purchases, Grocery Purchases, Personal care",0.2,0.2-0.6,0.6,no
14/03/2025 17:59:29,Very familiar,CS,Yes,SOC Analyst,0.3,0.2,0.25,0.25,,Low,Low,Medium,Medium,500,500 and 1000,1000,More than 100 km,"Online Shopping, In-store Purchases, Grocery Purchases, Food dining",0.3,0.3 and 0.6,0.6,.
18/03/2025 05:10:49,Somewhat familiar,DS,Yes,Data Analyst,0.3,0.25,0.2,0.25,,Low,Low,Medium,High,500,500 and 1000,1000,More than 100 km,"Online Shopping, In-store Purchases, Grocery Purchases, Personal care",0.2,0.2-0.6,0.6,no
17/03/2025 21:41:16,Somewhat familiar,DS,Yes,Data Analyst,0.3,0.25,0.2,0.25,,,Low,Medium,High,500,500 and 1000,1000,More than 100 km,"Online Shopping, In-store Purchases, Grocery Purchases, Personal care",0.2,0.2-0.6,0.6,no
13/03/2025 22:08:23,Somewhat familiar,CS,Yes,Cyber Security Intern,0.3,0.2,0.25,0.25,,Low,Low,Medium,High,500,500 and 1000,1000,More than 100 km,"Online Shopping, In-store Purchases, Grocery Purchases, Miscellaneous Online Transactions",,,,No
16/03/2025 08:48:07,Somewhat familiar,IT,Yes,Intern - IT,0.3,0.2,0.25,0.25,,Medium,Low,Medium,High,500,500 and 1000,1000,More than 100 km,"Online Shopping, In-store Purchases, Grocery Purchases, Miscellaneous Online Transactions",0.3,0.3 and 0.6,0.6,no
18/03/2025 18:51:40,Very familiar,DS,Yes,Intern - Data Seience,0.35,0.5,0.3,0.1,,"Medium, Low",Low,Medium,High,200,500- 1000,5000,50 – 100 km,"Online Shopping, In-store Purchases, Grocery Purchases, Travel",0.5,0.5 -0.75,0.75,.
14/03/2025 15:15:22,Very familiar,CS,Yes,SOC Analyst,0.3,0.2,0.25,0.25,,Low,Low,Medium,Medium,500,500 and 1000,1000,More than 100 km,"Online Shopping, In-store Purchases, Grocery Purchases, Food dining",0.3,0.3 and 0.6,0.6,.
16/03/2025 08:09:30,Somewhat familiar,IT,Yes,Intern - IT,0.3,0.2,0.25,0.25,High,Medium,Low,Medium,High,500,500 and 1000,1000,More than 100 km,"Online Shopping, In-store Purchases, Grocery Purchases, Miscellaneous Online Transactions",0.3,0.3 and 0.6,0.6,no
18/03/2025 20:06:05,Very familiar,SE,Yes,Software engineer ,0.2,0.5,0.3,0.1,,Medium,,Medium,High,200,200 - 500,1200,More than 100 km,"Online Shopping, In-store Purchases, Grocery Purchases, Gas transport",0.3,0.2 - 0.5,0.5,.
14/03/2025 13:07:17,Very familiar,CS,Yes,SOC Analyst,0.3,0.2,0.25,0.25,,Low,Low,Medium,Medium,500,500 and 1000,1000,More than 100 km,"Online Shopping, In-store Purchases, Grocery Purchases, Food dining",0.3,0.3 and 0.6,0.6,.
18/03/2025 18:42:02,Very familiar,DS,Yes,Intern - Data Seience,0.35,0.5,0.3,0.1,,"Medium, Low",Low,Medium,High,200,500- 1000,5000,50 – 100 km,"Online Shopping, In-store Purchases, Grocery Purchases, Travel",0.5,0.5 -0.75,0.75,.
16/03/2025 23:30:58,Somewhat familiar,IT,Yes,Intern - IT,0.3,0.2,0.25,0.25,,Low,Low,Medium,High,500,500 and 1000,1000,More than 100 km,"Online Shopping, In-store Purchases, Grocery Purchases, Miscellaneous Online Transactions",0.3,0.3 and 0.6,0.6,no
31/01/2025 10:39:29,Very familiar,CS,Yes,Cybersecurity associate,0.3,0.2,0.25,0.25,High,Medium,Low,Medium,High,50,50-100,100,Less than 10 km,"Online Shopping, Miscellaneous Online Transactions, Miscellaneous Point of Sale",,,,"Ensuring data is clean, complete, and relevant"
30/01/2025 21:49:29,Very familiar,IT,No,IT intern,0.3,0.2,0.25,0.25,High,High,High,High,High,500,500 and 1000,1000,More than 100 km,Personal care,,,,
14/03/2025 13:05:39,Very familiar,CS,Yes,SOC Analyst,0.3,0.2,0.25,0.25,,Low,Low,Medium,Medium,500,500 and 1000,1000,More than 100 km,"Online Shopping, In-store Purchases, Grocery Purchases, Food dining",0.3,0.3 and 0.6,0.6,.
18/03/2025 06:28:23,Somewhat familiar,DS,Yes,Data Analyst,0.3,0.25,0.2,0.25,,Low,Low,Medium,High,500,500 and 1000,1000,More than 100 km,"Online Shopping, In-store Purchases, Grocery Purchases, Personal care",0.2,0.2-0.6,0.6,no
16/03/2025 14:02:01,Somewhat familiar,IT,Yes,Intern - IT,0.3,0.2,0.25,0.25,,"Medium, Low",Low,Medium,High,500,500 and 1000,1000,More than 100 km,"Online Shopping, In-store Purchases, Grocery Purchases, Miscellaneous Online Transactions",0.3,0.3 and 0.6,0.6,no
18/03/2025 06:40:41,Somewhat familiar,DS,Yes,Data Analyst,0.3,0.25,0.2,0.25,,Low,Low,Medium,High,500,500 and 1000,1000,More than 100 km,"Online Shopping, In-store Purchases, Grocery Purchases, Personal care",0.2,0.2-0.6,0.6,no
18/03/2025 05:18:45,Somewhat familiar,DS,Yes,Data Analyst,0.3,0.25,0.2,0.25,,Low,Low,Medium,High,500,500 and 1000,1000,More than 100 km,"Online Shopping, In-store Purchases, Grocery Purchases, Personal care",0.2,0.2-0.6,0.6,no
14/03/2025 13:15:35,Very familiar,CS,Yes,SOC Analyst,0.3,0.2,0.25,0.25,,Low,Low,Medium,Medium,500,500 and 1000,1000,More than 100 km,"Online Shopping, In-store Purchases, Grocery Purchases, Food dining",0.3,0.3 and 0.6,0.6,.
18/03/2025 07:02:54,Somewhat familiar,SE,Yes,Software engineer,0.25,0.3,0.2,0.25,,Low,Low,Medium,Medium,300,300 and 700,1000,More than 100 km,"Online Shopping, Grocery Purchases, Food dining, Travel",0.2,0.2 and 0.4,0.4,.
19/03/2025 06:17:21,Somewhat familiar,DS,Yes,Data Seience,0.3,0.2,0.25,0.25,,Medium,Low,Medium,High,500,500 - 1000,1000,More than 100 km,"Online Shopping, In-store Purchases, Grocery Purchases, Miscellaneous Online Transactions",0.3,0.3 - 0.6,0.6,no
19/03/2025 06:21:24,Somewhat familiar,DS,Yes,Data Seience,0.3,0.2,0.25,0.25,,Medium,Low,Medium,High,500,500 - 1000,1000,More than 100 km,"Online Shopping, In-store Purchases, Grocery Purchases, Miscellaneous Online Transactions",0.3,0.3 - 0.6,0.6,no
18/03/2025 20:10:19,Very familiar,SE,Yes,Software engineer ,0.2,0.5,0.3,0.1,,Medium,,Medium,High,200,200 - 500,1200,More than 100 km,"Online Shopping, In-store Purchases, Grocery Purchases, Gas transport",0.3,0.2 - 0.5,0.5,.
18/03/2025 18:27:42,Somewhat familiar,SE,Yes,Software engineer,0.25,0.3,0.2,0.25,,Low,Low,Medium,Medium,300,300 and 700,1000,More than 100 km,"Online Shopping, Grocery Purchases, Food dining, Travel",0.2,0.2 and 0.4,0.4,.
14/03/2025 14:48:33,Very familiar,CS,Yes,SOC Analyst,0.3,0.2,0.25,0.25,,Low,Low,Medium,Medium,500,500 and 1000,1000,More than 100 km,"Online Shopping, In-store Purchases, Grocery Purchases, Food dining",0.3,0.3 and 0.6,0.6,.
16/03/2025 23:36:51,Somewhat familiar,IT,Yes,Intern - IT,0.3,0.2,0.25,0.25,,Low,Low,Medium,High,500,500 and 1000,1000,More than 100 km,"Online Shopping, In-store Purchases, Grocery Purchases, Miscellaneous Online Transactions",0.3,0.3 and 0.6,0.6,no
14/03/2025 00:04:39,Somewhat familiar,CS,Yes,Cyber Security Intern,0.3,0.2,0.25,0.25,,Low,Low,Medium,High,500,500 and 1000,1000,More than 100 km,"Online Shopping, In-store Purchases, Grocery Purchases, Miscellaneous Online Transactions",,,,No
13/03/2025 21:46:13,Somewhat familiar,CS,Yes,Cyber Security Intern,0.3,0.2,0.25,0.25,,Low,Low,Medium,High,500,500 and 1000,1000,More than 100 km,"Online Shopping, In-store Purchases, Grocery Purchases, Miscellaneous Online Transactions",,,,No
18/03/2025 01:47:59,Somewhat familiar,DS,Yes,Data Analyst,0.3,0.25,0.2,0.25,,Low,Low,Medium,High,500,500 and 1000,1000,More than 100 km,"Online Shopping, In-store Purchases, Grocery Purchases, Personal care",0.2,0.2-0.6,0.6,no
16/03/2025 13:30:52,Somewhat familiar,IT,Yes,Intern - IT,0.3,0.2,0.25,0.25,,Medium,Low,Medium,High,500,500 and 1000,1000,More than 100 km,"Online Shopping, In-store Purchases, Grocery Purchases, Miscellaneous Online Transactions",0.3,0.3 and 0.6,0.6,no
01/02/2025 17:22:54,Somewhat familiar,CS,Yes,Cybersecurity Analyst,0.3,0.3,0.2,0.2,High,Low,Low,Medium,Low,50,50 and 100,500,Less than 10 km,"Online Shopping, Miscellaneous Online Transactions, Entertainment, Miscellaneous Point of Sale",,,,No
18/03/2025 18:39:41,Very familiar,DS,Yes,Intern - Data Seience,0.35,0.5,0.3,0.1,,"Medium, Low",Low,Medium,High,200,500- 1000,5000,50 – 100 km,"Online Shopping, In-store Purchases, Grocery Purchases, Travel",0.5,0.5 -0.75,0.75,.
18/03/2025 18:19:24,Somewhat familiar,SE,Yes,Software engineer,0.25,0.3,0.2,0.25,,Low,Low,Medium,Medium,300,300 and 700,1000,More than 100 km,"Online Shopping, Grocery Purchases, Food dining, Travel",0.2,0.2 and 0.4,0.4,.
13/03/2025 21:29:58,Somewhat familiar,CS,Yes,Cyber Security Intern,0.3,0.2,0.25,0.25,,Low,Low,Medium,High,500,500 and 1000,1000,More than 100 km,"Online Shopping, In-store Purchases, Grocery Purchases, Miscellaneous Online Transactions",,,,No
16/03/2025 17:53:27,Somewhat familiar,IT,Yes,Intern - IT,0.3,0.2,0.25,0.25,,Low,Low,Medium,High,500,500 and 1000,1000,More than 100 km,"Online Shopping, In-store Purchases, Grocery Purchases, Miscellaneous Online Transactions",0.3,0.3 and 0.6,0.6,no
18/03/2025 02:09:25,Somewhat familiar,DS,Yes,Data Analyst,0.3,0.25,0.2,0.25,,Low,Low,Medium,High,500,500 and 1000,1000,More than 100 km,"Online Shopping, In-store Purchases, Grocery Purchases, Personal care",0.2,0.2-0.6,0.6,no
18/03/2025 06:56:21,Somewhat familiar,SE,Yes,Software engineer,0.25,0.3,0.2,0.25,,Low,Low,Medium,Medium,300,300 and 700,1000,More than 100 km,"Online Shopping, Grocery Purchases, Food dining, Travel",0.2,0.2 and 0.4,0.4,.
17/03/2025 02:57:20,Somewhat familiar,DS,Yes,Data Analyst,0.3,0.25,0.2,0.25,,Low,Low,Medium,High,500,500 and 1000,1000,More than 100 km,"Online Shopping, In-store Purchases, Grocery Purchases, Personal care",0.2,0.2-0.6,0.6,no
18/03/2025 06:12:24,Somewhat familiar,DS,Yes,Data Analyst,0.3,0.25,0.2,0.25,,Low,Low,Medium,High,500,500 and 1000,1000,More than 100 km,"Online Shopping, In-store Purchases, Grocery Purchases, Personal care",0.2,0.2-0.6,0.6,no
19/03/2025 05:11:49,Somewhat familiar,DS,Yes,Data Seience,0.3,0.2,0.25,0.25,,Medium,Low,Medium,High,500,500 - 1000,1000,More than 100 km,"Online Shopping, In-store Purchases, Grocery Purchases, Miscellaneous Online Transactions",0.3,0.3 - 0.6,0.6,no
13/03/2025 21:43:57,Somewhat familiar,CS,Yes,Cyber Security Intern,0.3,0.2,0.25,0.25,,Low,Low,Medium,High,500,500 and 1000,1000,More than 100 km,"Online Shopping, In-store Purchases, Grocery Purchases, Miscellaneous Online Transactions",,,,No
14/03/2025 15:12:42,Very familiar,CS,Yes,SOC Analyst,0.3,0.2,0.25,0.25,,Low,Low,Medium,Medium,500,500 and 1000,1000,More than 100 km,"Online Shopping, In-store Purchases, Grocery Purchases, Food dining",0.3,0.3 and 0.6,0.6,.
18/03/2025 04:51:13,Somewhat familiar,DS,Yes,Data Analyst,0.3,0.25,0.2,0.25,,Low,Low,Medium,High,500,500 and 1000,1000,More than 100 km,"Online Shopping, In-store Purchases, Grocery Purchases, Personal care",0.2,0.2-0.6,0.6,no
18/03/2025 20:03:12,Very familiar,SE,Yes,Software engineer ,0.2,0.5,0.3,0.1,,Medium,,Medium,High,200,200 - 500,1200,More than 100 km,"Online Shopping, In-store Purchases, Grocery Purchases, Gas transport",0.3,0.2 - 0.5,0.5,.
13/03/2025 22:11:11,Somewhat familiar,CS,Yes,Cyber Security Intern,0.3,0.2,0.25,0.25,,Low,Low,Medium,High,500,500 and 1000,1000,More than 100 km,"Online Shopping, In-store Purchases, Grocery Purchases, Miscellaneous Online Transactions",,,,No
18/03/2025 19:13:44,Very familiar,DS,Yes,Intern - Data Seience,0.35,0.5,0.3,0.1,,"Medium, Low",Low,Medium,High,200,,5000,50 – 100 km,"Online Shopping, In-store Purchases, Grocery Purchases, Travel",0.5,0.5 -0.75,0.75,.
14/03/2025 12:36:00,Very familiar,CS,Yes,SOC Analyst,0.3,0.2,0.25,0.25,,Low,Low,Medium,Medium,500,500 and 1000,1000,More than 100 km,"Online Shopping, In-store Purchases, Grocery Purchases, Food dining",0.3,0.3 and 0.6,0.6,.
18/03/2025 18:40:37,Very familiar,DS,Yes,Intern - Data Seience,0.35,0.5,0.3,0.1,,"Medium, Low",Low,Medium,High,200,500- 1000,5000,50 – 100 km,"Online Shopping, In-store Purchases, Grocery Purchases, Travel",0.5,0.5 -0.75,0.75,.
18/03/2025 18:37:16,Somewhat familiar,DS,Yes,Intern - Data Seience,0.35,0.5,0.3,0.1,High,Medium,Low,Medium,High,200,500- 1000,5000,50 – 100 km,"Online Shopping, In-store Purchases, Grocery Purchases, Travel",0.5,0.5 -0.75,0.75,.
31/01/2025 09:47:56,Somewhat familiar,IT,Yes,Systems Engineer,0.3,0.2,0.25,0.25,"High, Low",Low,Medium,Medium,High,50,"300, 600",1000,Less than 10 km,"Online Shopping, In-store Purchases, Miscellaneous Online Transactions, Travel",,,,
18/03/2025 18:46:36,Very familiar,DS,Yes,Intern - Data Seience,0.35,0.5,0.3,0.1,,"Medium, Low",Low,Medium,High,200,500- 1000,5000,50 – 100 km,"Online Shopping, In-store Purchases, Grocery Purchases, Travel",0.5,0.5 -0.75,0.75,.
17/03/2025 05:05:03,Somewhat familiar,DS,Yes,Data Analyst,0.3,0.25,0.2,0.25,,Low,Low,Medium,High,500,500 and 1000,1000,More than 100 km,"Online Shopping, In-store Purchases, Grocery Purchases, Personal care",0.2,0.2-0.6,0.6,no
18/03/2025 20:26:41,Very familiar,SE,Yes,Software engineer ,0.2,0.5,0.3,0.1,,Medium,,Medium,High,200,200 - 500,1200,More than 100 km,"Online Shopping, In-store Purchases, Grocery Purchases, Gas transport",0.3,0.2 - 0.5,0.5,.
16/03/2025 23:29:39,Somewhat familiar,IT,Yes,Intern - IT,0.3,0.2,0.25,0.25,,Low,Low,Medium,High,500,500 and 1000,1000,More than 100 km,"Online Shopping, In-store Purchases, Grocery Purchases, Miscellaneous Online Transactions",0.3,0.3 and 0.6,0.6,no
19/03/2025 06:26:54,Somewhat familiar,DS,Yes,Data Seience,0.3,0.2,0.25,0.25,,Medium,Low,Medium,High,500,500 - 1000,1000,More than 100 km,"Online Shopping, In-store Purchases, Grocery Purchases, Miscellaneous Online Transactions",0.3,0.3 - 0.6,0.6,no
18/03/2025 19:35:02,Very familiar,DS,Yes,Intern - Data Seience,0.35,0.5,0.3,0.1,,"Medium, Low",Low,Medium,High,200,,5000,50 – 100 km,"Online Shopping, In-store Purchases, Grocery Purchases, Travel",0.5,0.5 -0.75,0.75,.
18/03/2025 20:13:55,Very familiar,SE,Yes,Software engineer ,0.2,0.5,0.3,0.1,,Medium,,Medium,High,200,200 - 500,1200,More than 100 km,"Online Shopping, In-store Purchases, Grocery Purchases, Gas transport",0.3,0.2 - 0.5,0.5,.
16/03/2025 12:27:21,Somewhat familiar,IT,Yes,Intern - IT,0.3,0.2,0.25,0.25,,"Medium, Low",Low,Medium,High,500,500 and 1000,1000,More than 100 km,"Online Shopping, In-store Purchases, Grocery Purchases, Miscellaneous Online Transactions",0.3,0.3 and 0.6,0.6,no
16/03/2025 12:28:07,Somewhat familiar,IT,Yes,Intern - IT,0.3,0.2,0.25,0.25,,"Medium, Low",Low,Medium,High,500,500 and 1000,1000,More than 100 km,"Online Shopping, In-store Purchases, Grocery Purchases, Miscellaneous Online Transactions",0.3,0.3 and 0.6,0.6,no
14/03/2025 15:28:37,Very familiar,CS,Yes,SOC Analyst,0.3,0.2,0.25,0.25,,Low,Low,Medium,Medium,500,500 and 1000,1000,More than 100 km,"Online Shopping, In-store Purchases, Grocery Purchases, Food dining",0.3,0.3 and 0.6,0.6,.
16/03/2025 14:00:06,Somewhat familiar,IT,Yes,Intern - IT,0.3,0.2,0.25,0.25,,"Medium, Low",Low,Medium,High,500,500 and 1000,1000,More than 100 km,"Online Shopping, In-store Purchases, Grocery Purchases, Miscellaneous Online Transactions",0.3,0.3 and 0.6,0.6,no
18/03/2025 05:08:56,Somewhat familiar,DS,Yes,Data Analyst,0.3,0.25,0.2,0.25,,Low,Low,Medium,High,500,500 and 1000,1000,More than 100 km,"Online Shopping, In-store Purchases, Grocery Purchases, Personal care",0.2,0.2-0.6,0.6,no
09/02/2025 18:26:29,Somewhat familiar,CS,Yes,,0.3,0.2,0.25,0.25,Low,Low,Medium,High,High,$200,$200 and $5000,$5000+,More than 100 km,"Online Shopping, Miscellaneous Online Transactions, Gas transport, Travel",,,,"To improve fraud risk prediction, use more data like spending patterns, location, and device info. Combine smart models and real-time alerts to catch unusual activity faster."
19/03/2025 07:34:15,Somewhat familiar,DS,Yes,Data Seience,0.3,0.2,0.25,0.25,,Medium,Low,Medium,High,500,500 - 1000,1000,More than 100 km,"Online Shopping, In-store Purchases, Grocery Purchases, Miscellaneous Online Transactions",0.3,0.3 - 0.6,0.6,no
14/03/2025 13:03:58,Very familiar,CS,Yes,SOC Analyst,0.3,0.2,0.25,0.25,,Low,Low,Medium,Medium,500,500 and 1000,1000,More than 100 km,"Online Shopping, In-store Purchases, Grocery Purchases, Food dining",0.3,0.3 and 0.6,0.6,.
16/03/2025 14:40:42,Somewhat familiar,IT,Yes,Intern - IT,0.3,0.2,0.25,0.25,,"Medium, Low",Low,Medium,High,500,500 and 1000,1000,More than 100 km,"Online Shopping, In-store Purchases, Grocery Purchases, Miscellaneous Online Transactions",0.3,0.3 and 0.6,0.6,no
18/03/2025 01:34:59,Somewhat familiar,DS,Yes,Data Analyst,0.3,0.25,0.2,0.25,,Low,Low,Medium,High,500,500 and 1000,1000,More than 100 km,"Online Shopping, In-store Purchases, Grocery Purchases, Personal care",0.2,0.2-0.6,0.6,no
18/03/2025 20:55:09,Very familiar,SE,Yes,Software engineer ,0.2,0.5,0.3,0.1,,Medium,,Medium,High,200,200 - 500,1200,More than 100 km,"Online Shopping, In-store Purchases, Grocery Purchases, Gas transport",0.3,0.2 - 0.5,0.5,.
14/03/2025 11:52:30,Very familiar,CS,Yes,SOC Analyst,0.3,0.2,0.25,0.25,High,Low,Low,Medium,Medium,500,500 and 1000,1000,More than 100 km,"Online Shopping, In-store Purchases, Grocery Purchases, Food dining",0.3,0.3 and 0.6,0.6,.
14/03/2025 00:11:29,Somewhat familiar,CS,Yes,Cyber Security Intern,0.3,0.2,0.25,0.25,,Low,Low,Medium,High,500,500 and 1000,1000,More than 100 km,"Online Shopping, In-store Purchases, Grocery Purchases, Miscellaneous Online Transactions",,,,No
18/03/2025 01:37:27,Somewhat familiar,DS,Yes,Data Analyst,0.3,0.25,0.2,0.25,,Low,Low,Medium,High,500,500 and 1000,1000,More than 100 km,"Online Shopping, In-store Purchases, Grocery Purchases, Personal care",0.2,0.2-0.6,0.6,no
30/01/2025 20:23:37,Somewhat familiar,IT,Yes,System administrator,0.3,0.2,0.2,0.3,High,Medium,Low,Medium,High,100,100 to 500,Above 500,More than 100 km,"Online Shopping, Travel, Entertainment, Miscellaneous Point of Sale",,,,Use of ML for real time analysis
13/03/2025 21:37:52,Somewhat familiar,CS,Yes,Cyber Security Intern,0.3,0.2,0.25,0.25,,Low,Low,Medium,High,500,500 and 1000,1000,More than 100 km,"Online Shopping, In-store Purchases, Grocery Purchases, Miscellaneous Online Transactions",,,,No
30/01/2025 19:41:41,Somewhat familiar,IT,Yes,,1.0,1.0,1.0,1.0,"High, Medium, Low","High, Medium, Low","High, Medium, Low","High, Medium, Low","High, Medium, Low",,,,Less than 10 km,Online Shopping,,,,
01/02/2025 10:33:57,Somewhat familiar,CS,Yes,Associate consultant ,0.3,0.2,0.25,0.25,Medium,Medium,High,High,Medium,5,1000,10000,More than 100 km,"Grocery Purchases, Travel",,,,
16/03/2025 12:26:43,Somewhat familiar,IT,Yes,Intern - IT,0.3,0.2,0.25,0.25,,"Medium, Low",Low,Medium,High,500,500 and 1000,1000,More than 100 km,"Online Shopping, In-store Purchases, Grocery Purchases, Miscellaneous Online Transactions",0.3,0.3 and 0.6,0.6,no
16/03/2025 23:40:23,Somewhat familiar,IT,Yes,Intern - IT,0.3,0.2,0.25,0.25,,Low,Low,Medium,High,500,500 and 1000,1000,More than 100 km,"Online Shopping, In-store Purchases, Grocery Purchases, Miscellaneous Online Transactions",0.3,0.3 and 0.6,0.6,no
18/03/2025 20:18:07,Very familiar,SE,Yes,Software engineer ,0.2,0.5,0.3,0.1,,Medium,,Medium,High,200,200 - 500,1200,More than 100 km,"Online Shopping, In-store Purchases, Grocery Purchases, Gas transport",0.3,0.2 - 0.5,0.5,.
19/03/2025 01:24:23,Somewhat familiar,SE,Yes,software engineer,0.3,0.2,0.25,0.25,,Medium,Low,Medium,High,500,500 - 1000,1000,More than 100 km,"Online Shopping, In-store Purchases, Grocery Purchases, Miscellaneous Online Transactions",0.3,0.2 - 0.6,0.6,no
16/03/2025 08:28:48,Somewhat familiar,IT,Yes,Intern - IT,0.3,0.2,0.25,0.25,,Medium,Low,Medium,High,500,500 and 1000,1000,More than 100 km,"Online Shopping, In-store Purchases, Grocery Purchases, Miscellaneous Online Transactions",0.3,0.3 and 0.6,0.6,no
18/03/2025 20:39:40,Very familiar,SE,Yes,Software engineer ,0.2,0.5,0.3,0.1,High,Medium,,Medium,High,200,200 - 500,1200,More than 100 km,"Online Shopping, In-store Purchases, Grocery Purchases, Gas transport",0.3,0.2 - 0.5,0.5,.
18/03/2025 05:13:51,Somewhat familiar,DS,Yes,Data Analyst,0.3,0.25,0.2,0.25,,Low,Low,Medium,High,500,500 and 1000,1000,More than 100 km,"Online Shopping, In-store Purchases, Grocery Purchases, Personal care",0.2,0.2-0.6,0.6,no
18/03/2025 18:21:05,Somewhat familiar,SE,Yes,Software engineer,0.25,0.3,0.2,0.25,,Low,Low,Medium,Medium,300,300 and 700,1000,More than 100 km,"Online Shopping, Grocery Purchases, Food dining, Travel",0.2,0.2 and 0.4,0.4,.
16/03/2025 14:36:58,Somewhat familiar,IT,Yes,Intern - IT,0.3,0.2,0.25,0.25,,"Medium, Low",Low,Medium,High,500,500 and 1000,1000,More than 100 km,"Online Shopping, In-store Purchases, Grocery Purchases, Miscellaneous Online Transactions",0.3,0.3 and 0.6,0.6,no
18/03/2025 02:07:20,Somewhat familiar,DS,Yes,Data Analyst,0.3,0.25,0.2,0.25,,Low,Low,Medium,High,500,500 and 1000,1000,More than 100 km,"Online Shopping, In-store Purchases, Grocery Purchases, Personal care",0.2,0.2-0.6,0.6,no
17/03/2025 22:41:32,Somewhat familiar,DS,Yes,Data Analyst,0.3,0.25,0.2,0.25,,Low,Low,Medium,High,500,500 and 1000,1000,More than 100 km,"Online Shopping, In-store Purchases, Grocery Purchases, Personal care",0.2,0.2-0.6,0.6,no
18/02/2025 09:03:54,Very familiar,CS,Yes,Soc analyst ,0.3,0.2,0.25,0.25,High,Medium,Low,High,Medium,500,100&500,1000,More than 100 km,"Online Shopping, In-store Purchases, Grocery Purchases, Miscellaneous Online Transactions",,,,
18/03/2025 02:08:21,Somewhat familiar,DS,Yes,Data Analyst,0.3,0.25,0.2,0.25,,Low,Low,Medium,High,500,500 and 1000,1000,More than 100 km,"Online Shopping, In-store Purchases, Grocery Purchases, Personal care",0.2,0.2-0.6,0.6,no
30/01/2025 20:39:32,Very familiar,IT,Yes,It support ,0.25,0.2,0.2,0.25,Medium,Low,Medium,Medium,Low,2500,5500,75000,"10 – 50 km, 50 – 100 km","In-store Purchases, Miscellaneous Online Transactions, Gas transport, Entertainment, Kids pets, Health fitness, Miscellaneous Point of Sale",,,,
16/03/2025 16:03:02,Somewhat familiar,IT,Yes,Intern - IT,0.3,0.2,0.25,0.25,,"Medium, Low",Low,Medium,High,500,500 and 1000,1000,More than 100 km,"Online Shopping, In-store Purchases, Grocery Purchases, Miscellaneous Online Transactions",0.3,0.3 and 0.6,0.6,no
16/03/2025 07:49:55,Very familiar,CS,Yes,SOC Analyst,0.3,0.2,0.25,0.25,,Low,Low,Medium,Medium,500,500 and 1000,1000,More than 100 km,"Online Shopping, In-store Purchases, Grocery Purchases, Food dining",0.3,0.3 and 0.6,0.6,.
18/03/2025 01:56:02,Somewhat familiar,DS,Yes,Data Analyst,0.3,0.25,0.2,0.25,,Low,Low,Medium,High,500,500 and 1000,1000,More than 100 km,"Online Shopping, In-store Purchases, Grocery Purchases, Personal care",0.2,0.2-0.6,0.6,no
30/01/2025 19:51:13,Somewhat familiar,DS,Yes,Data Governance Analyst,0.3,0.25,0.2,0.25,High,Low,Low,Medium,Medium,,,,More than 100 km,"Online Shopping, Miscellaneous Online Transactions",,,,
18/03/2025 05:34:22,Somewhat familiar,DS,Yes,Data Analyst,0.3,0.25,0.2,0.25,,Low,Low,Medium,High,500,500 and 1000,1000,More than 100 km,"Online Shopping, In-store Purchases, Grocery Purchases, Personal care",0.2,0.2-0.6,0.6,no
16/03/2025 23:37:14,Somewhat familiar,IT,Yes,Intern - IT,0.3,0.2,0.25,0.25,,Low,Low,Medium,High,500,500 and 1000,1000,More than 100 km,"Online Shopping, In-store Purchases, Grocery Purchases, Miscellaneous Online Transactions",0.3,0.3 and 0.6,0.6,no
14/03/2025 13:10:30,Very familiar,CS,Yes,SOC Analyst,0.3,0.2,0.25,0.25,,Low,Low,Medium,Medium,500,500 and 1000,1000,More than 100 km,"Online Shopping, In-store Purchases, Grocery Purchases, Food dining",0.3,0.3 and 0.6,0.6,.
14/03/2025 14:03:17,Very familiar,CS,Yes,SOC Analyst,0.3,0.2,0.25,0.25,,Low,Low,Medium,Medium,500,500 and 1000,1000,More than 100 km,"Online Shopping, In-store Purchases, Grocery Purchases, Food dining",0.3,0.3 and 0.6,0.6,.
16/03/2025 23:39:57,Somewhat familiar,IT,Yes,Intern - IT,0.3,0.2,0.25,0.25,,Low,Low,Medium,High,500,500 and 1000,1000,More than 100 km,"Online Shopping, In-store Purchases, Grocery Purchases, Miscellaneous Online Transactions",0.3,0.3 and 0.6,0.6,no
16/03/2025 07:48:54,Very familiar,CS,Yes,SOC Analyst,0.3,0.2,0.25,0.25,,Low,Low,Medium,Medium,500,500 and 1000,1000,More than 100 km,"Online Shopping, In-store Purchases, Grocery Purchases, Food dining",0.3,0.3 and 0.6,0.6,.
16/03/2025 12:14:30,Somewhat familiar,IT,Yes,Intern - IT,0.3,0.2,0.25,0.25,,"Medium, Low",Low,Medium,High,500,500 and 1000,1000,More than 100 km,"Online Shopping, In-store Purchases, Grocery Purchases, Miscellaneous Online Transactions",0.3,0.3 and 0.6,0.6,no
18/03/2025 19:05:27,Very familiar,DS,Yes,Intern - Data Seience,0.35,0.5,0.3,0.1,,"Medium, Low",Low,Medium,High,200,500- 1000,5000,50 – 100 km,"Online Shopping, In-store Purchases, Grocery Purchases, Travel",0.5,0.5 -0.75,0.75,.
14/03/2025 12:30:53,Very familiar,CS,Yes,SOC Analyst,0.3,0.2,0.25,0.25,,Low,Low,Medium,Medium,500,500 and 1000,1000,More than 100 km,"Online Shopping, In-store Purchases, Grocery Purchases, Food dining",0.3,0.3 and 0.6,0.6,.
30/01/2025 20:06:00,Not familiar,CS,Yes,software developer Intern ,0.25,0.25,0.3,0.2,Medium,Medium,Medium,Medium,Medium,100,300. 800,2000,"50 – 100 km, More than 100 km",Miscellaneous Online Transactions,,,,
18/03/2025 05:15:03,Somewhat familiar,DS,Yes,Data Analyst,0.3,0.25,0.2,0.25,,Low,Low,Medium,High,500,500 and 1000,1000,More than 100 km,"Online Shopping, In-store Purchases, Grocery Purchases, Personal care",0.2,0.2-0.6,0.6,no
16/03/2025 23:32:19,Somewhat familiar,IT,Yes,Intern - IT,0.3,0.2,0.25,0.25,,Low,Low,Medium,High,500,500 and 1000,1000,More than 100 km,"Online Shopping, In-store Purchases, Grocery Purchases, Miscellaneous Online Transactions",0.3,0.3 and 0.6,0.6,no
30/01/2025 19:50:04,Not familiar,IT,Yes,software engineer,1.0,1.0,1.0,1.0,Low,Medium,Low,Medium,Low,,,,More than 100 km,"In-store Purchases, Grocery Purchases, Personal care, Food dining, Travel",,,,no
18/03/2025 19:03:33,Very familiar,DS,Yes,Intern - Data Seience,0.35,0.5,0.3,0.1,,"Medium, Low",Low,Medium,High,200,500- 1000,5000,50 – 100 km,"Online Shopping, In-store Purchases, Grocery Purchases, Travel",0.5,0.5 -0.75,0.75,.
18/03/2025 05:06:14,Somewhat familiar,DS,Yes,Data Analyst,0.3,0.25,0.2,0.25,,Low,Low,Medium,High,500,500 and 1000,1000,More than 100 km,"Online Shopping, In-store Purchases, Grocery Purchases, Personal care",0.2,0.2-0.6,0.6,no
19/03/2025 11:11:57,Somewhat familiar,CSNE,Yes,Network Engineer,0.3,0.2,0.25,0.25,High,Medium,Low,Medium,High,500,500 -1000,1000,More than 100 km,"Online Shopping, In-store Purchases, Miscellaneous Online Transactions, Miscellaneous Point of Sale",0.3,0.3 - 0.6,0.6,
30/01/2025 23:54:58,Not familiar,IT,Yes,Trainee technical officer,0.3,0.5,0.1,0.1,High,Medium,Medium,High,High,100,100 - 1000,1000,50 – 100 km,"In-store Purchases, Miscellaneous Online Transactions, Miscellaneous Point of Sale",,,,
18/03/2025 04:55:37,Somewhat familiar,DS,Yes,Data Analyst,0.3,0.25,0.2,0.25,,Low,Low,Medium,High,500,500 and 1000,1000,More than 100 km,"Online Shopping, In-store Purchases, Grocery Purchases, Personal care",0.2,0.2-0.6,0.6,no
18/03/2025 01:36:01,Somewhat familiar,DS,Yes,Data Analyst,0.3,0.25,0.2,0.25,,Low,Low,Medium,High,500,500 and 1000,1000,More than 100 km,"Online Shopping, In-store Purchases, Grocery Purchases, Personal care",0.2,0.2-0.6,0.6,no
30/01/2025 18:48:49,Not familiar,DS,Yes,Intern data analyst,0.3,0.2,0.25,0.25,High,Medium,Low,Low,High,500,500 and 1000,1000,More than 100 km,Miscellaneous Online Transactions,,,,No
17/03/2025 02:55:03,Somewhat familiar,DS,Yes,Data Analyst,0.3,0.25,0.2,0.25,,Low,Low,Medium,High,500,500 and 1000,1000,More than 100 km,"Online Shopping, In-store Purchases, Grocery Purchases, Personal care",0.2,0.2-0.6,0.6,no
16/03/2025 13:54:34,Somewhat familiar,IT,Yes,Intern - IT,0.3,0.2,0.25,0.25,,"Medium, Low",Low,Medium,High,500,500 and 1000,1000,More than 100 km,"Online Shopping, In-store Purchases, Grocery Purchases, Miscellaneous Online Transactions",0.3,0.3 and 0.6,0.6,no
14/03/2025 15:10:53,Very familiar,CS,Yes,SOC Analyst,0.3,0.2,0.25,0.25,,Low,Low,Medium,Medium,500,500 and 1000,1000,More than 100 km,"Online Shopping, In-store Purchases, Grocery Purchases, Food dining",0.3,0.3 and 0.6,0.6,.
14/03/2025 14:58:13,Very familiar,CS,Yes,SOC Analyst,0.3,0.2,0.25,0.25,,Low,Low,Medium,Medium,500,500 and 1000,1000,More than 100 km,"Online Shopping, In-store Purchases, Grocery Purchases, Food dining",0.3,0.3 and 0.6,0.6,.
18/03/2025 01:45:49,Somewhat familiar,DS,Yes,Data Analyst,0.3,0.25,0.2,0.25,,Low,Low,Medium,High,500,500 and 1000,1000,More than 100 km,"Online Shopping, In-store Purchases, Grocery Purchases, Personal care",0.2,0.2-0.6,0.6,no
16/03/2025 11:21:34,Somewhat familiar,IT,Yes,Intern - IT,0.3,0.2,0.25,0.25,,Medium,Low,Medium,High,500,500 and 1000,1000,More than 100 km,"Online Shopping, In-store Purchases, Grocery Purchases, Miscellaneous Online Transactions",0.3,0.3 and 0.6,0.6,no
30/01/2025 20:45:20,Very familiar,IT,No,IT intern,0.3,0.3,0.2,0.2,Low,High,High,Medium,Medium,50$,50$ and 1000$,1000$,More than 100 km,"Online Shopping, Miscellaneous Online Transactions, Miscellaneous Point of Sale",,,,With OTP code sending a massage in several languages to don't share OTP with any one. 
13/03/2025 20:27:57,Somewhat familiar,CS,Yes,Cyber Security Intern,0.3,0.2,0.25,0.25,,Low,Low,Medium,High,500,500 and 1000,1000,More than 100 km,"Online Shopping, In-store Purchases, Grocery Purchases, Miscellaneous Online Transactions",,,,No
16/03/2025 14:36:35,Somewhat familiar,IT,Yes,Intern - IT,0.3,0.2,0.25,0.25,,"Medium, Low",Low,Medium,High,500,500 and 1000,1000,More than 100 km,"Online Shopping, In-store Purchases, Grocery Purchases, Miscellaneous Online Transactions",0.3,0.3 and 0.6,0.6,no
18/03/2025 19:57:58,Somewhat familiar,SE,Yes,Software engineer ,0.2,0.5,0.3,0.1,High,Medium,Low,Medium,High,200,200 - 500,1200,More than 100 km,"Online Shopping, In-store Purchases, Grocery Purchases, Gas transport",0.3,0.2 - 0.5,0.5,.
18/03/2025 19:25:22,Very familiar,DS,Yes,Intern - Data Seience,0.35,0.5,0.3,0.1,,"Medium, Low",Low,Medium,High,200,,5000,50 – 100 km,"Online Shopping, In-store Purchases, Grocery Purchases, Travel",0.5,0.5 -0.75,0.75,.
30/01/2025 20:35:03,Somewhat familiar,CS,Yes,Cyber security ,0.18,0.4,0.22,0.25,Low,Medium,High,Medium,Low,100$,1000$ and 20000$,20000$,50 – 100 km,"Online Shopping, Miscellaneous Online Transactions, Travel, Entertainment, Miscellaneous Point of Sale",,,,"Tracking the large amount online payment as easy cash from bank accounts. Giving some time  to think about frauds by asking security questions in sinhala, tamil and english. "
13/03/2025 19:25:50,Somewhat familiar,CS,Yes,Cyber Security Intern,0.3,0.2,0.25,0.25,High,Low,Low,Medium,High,500,500 and 1000,1000,More than 100 km,"Online Shopping, In-store Purchases, Grocery Purchases, Miscellaneous Online Transactions",,,,No
16/03/2025 13:52:22,Somewhat familiar,IT,Yes,Intern - IT,0.3,0.2,0.25,0.25,,"Medium, Low",Low,Medium,High,500,500 and 1000,1000,More than 100 km,"Online Shopping, In-store Purchases, Grocery Purchases, Miscellaneous Online Transactions",0.3,0.3 and 0.6,0.6,no
16/03/2025 23:27:32,Somewhat familiar,IT,Yes,Intern - IT,0.3,0.2,0.25,0.25,,Low,Low,Medium,High,500,500 and 1000,1000,More than 100 km,"Online Shopping, In-store Purchases, Grocery Purchases, Miscellaneous Online Transactions",0.3,0.3 and 0.6,0.6,no
30/01/2025 21:06:07,Somewhat familiar,IT,Yes,Electrical engineering ,0.4,0.2,0.4,0.25,Low,High,Medium,"Medium, Low",Low,250,250 500,1000,Less than 10 km,"Online Shopping, Miscellaneous Online Transactions, Gas transport, Kids pets",,,,
16/03/2025 08:50:24,Somewhat familiar,IT,Yes,Intern - IT,0.3,0.2,0.25,0.25,,Medium,Low,Medium,High,500,500 and 1000,1000,More than 100 km,"Online Shopping, In-store Purchases, Grocery Purchases, Miscellaneous Online Transactions",0.3,0.3 and 0.6,0.6,no
18/03/2025 20:01:48,Very familiar,SE,Yes,Software engineer ,0.2,0.5,0.3,0.1,,Medium,,Medium,High,200,200 - 500,1200,More than 100 km,"Online Shopping, In-store Purchases, Grocery Purchases, Gas transport",0.3,0.2 - 0.5,0.5,.
16/03/2025 23:34:39,Somewhat familiar,IT,Yes,Intern - IT,0.3,0.2,0.25,0.25,,Low,Low,Medium,High,500,500 and 1000,1000,More than 100 km,"Online Shopping, In-store Purchases, Grocery Purchases, Miscellaneous Online Transactions",0.3,0.3 and 0.6,0.6,no
18/03/2025 18:54:27,Very familiar,DS,Yes,Intern - Data Seience,0.35,0.5,0.3,0.1,,"Medium, Low",Low,Medium,High,200,500- 1000,5000,50 – 100 km,"Online Shopping, In-store Purchases, Grocery Purchases, Travel",0.5,0.5 -0.75,0.75,.
30/01/2025 20:49:00,Very familiar,CS,Yes,Cybersecurity Engineer,0.4,0.3,0.2,0.1,High,Medium,Low,Medium,High,100,100-1000,1000,More than 100 km,"Online Shopping, Travel, Entertainment, Miscellaneous Point of Sale",,,,"Incorporate machine learning algorithms to analyze historical transaction data and identify patterns indicative of fraud. Additionally, consider integrating real-time geolocation tracking and behavioral biometrics to enhance the accuracy of fraud detection."
13/03/2025 20:26:10,Somewhat familiar,CS,Yes,Cyber Security Intern,0.3,0.2,0.25,0.25,,Low,Low,Medium,High,500,500 and 1000,1000,More than 100 km,"Online Shopping, In-store Purchases, Grocery Purchases, Miscellaneous Online Transactions",,,,No
18/03/2025 01:59:51,Somewhat familiar,DS,Yes,Data Analyst,0.3,0.25,0.2,0.25,,Low,Low,Medium,High,500,500 and 1000,1000,More than 100 km,"Online Shopping, In-store Purchases, Grocery Purchases, Personal care",0.2,0.2-0.6,0.6,no
19/03/2025 05:36:13,Somewhat familiar,DS,Yes,Data Seience,0.3,0.2,0.25,0.25,,Medium,Low,Medium,High,500,500 - 1000,1000,More than 100 km,"Online Shopping, In-store Purchases, Grocery Purchases, Miscellaneous Online Transactions",0.3,0.3 - 0.6,0.6,no
16/03/2025 13:30:34,Somewhat familiar,IT,Yes,Intern - IT,0.3,0.2,0.25,0.25,,"Medium, Low",Low,Medium,High,500,500 and 1000,1000,More than 100 km,"Online Shopping, In-store Purchases, Grocery Purchases, Miscellaneous Online Transactions",0.3,0.3 and 0.6,0.6,no
18/03/2025 19:21:41,Very familiar,DS,Yes,Intern - Data Seience,0.35,0.5,0.3,0.1,,"Medium, Low",Low,Medium,High,200,,5000,50 – 100 km,"Online Shopping, In-store Purchases, Grocery Purchases, Travel",0.5,0.5 -0.75,0.75,.
16/03/2025 18:09:09,Somewhat familiar,IT,Yes,Intern - IT,0.3,0.2,0.25,0.25,,Low,Low,Medium,High,500,500 and 1000,1000,More than 100 km,"Online Shopping, In-store Purchases, Grocery Purchases, Miscellaneous Online Transactions",0.3,0.3 and 0.6,0.6,no
18/03/2025 18:43:49,Very familiar,DS,Yes,Intern - Data Seience,0.35,0.5,0.3,0.1,,"Medium, Low",Low,Medium,High,200,500- 1000,5000,50 – 100 km,"Online Shopping, In-store Purchases, Grocery Purchases, Travel",0.5,0.5 -0.75,0.75,.
19/03/2025 07:24:35,Somewhat familiar,DS,Yes,Data Seience,0.3,0.2,0.25,0.25,,Medium,Low,Medium,High,500,500 - 1000,1000,More than 100 km,"Online Shopping, In-store Purchases, Grocery Purchases, Miscellaneous Online Transactions",0.3,0.3 - 0.6,0.6,no
18/03/2025 01:43:25,Somewhat familiar,DS,Yes,Data Analyst,0.3,0.25,0.2,0.25,,Low,Low,Medium,High,500,500 and 1000,1000,More than 100 km,"Online Shopping, In-store Purchases, Grocery Purchases, Personal care",0.2,0.2-0.6,0.6,no
19/03/2025 11:08:27,Not familiar,CSNE,Yes,Network Engineer,0.4,0.1,0.25,0.25,High,Medium,Low,Medium,High,300,300-1000,1000,More than 100 km,"Online Shopping, In-store Purchases, Miscellaneous Online Transactions, Miscellaneous Point of Sale",0.3,0.3 - 0.6,0.6,
14/03/2025 13:47:15,Very familiar,CS,Yes,SOC Analyst,0.3,0.2,0.25,0.25,,Low,Low,Medium,Medium,500,500 and 1000,1000,More than 100 km,"Online Shopping, In-store Purchases, Grocery Purchases, Food dining",0.3,0.3 and 0.6,0.6,.
16/03/2025 12:27:05,Somewhat familiar,IT,Yes,Intern - IT,0.3,0.2,0.25,0.25,,"Medium, Low",Low,Medium,High,500,500 and 1000,1000,More than 100 km,"Online Shopping, In-store Purchases, Grocery Purchases, Miscellaneous Online Transactions",0.3,0.3 and 0.6,0.6,no
16/03/2025 23:38:27,Somewhat familiar,IT,Yes,Intern - IT,0.3,0.2,0.25,0.25,,Low,Low,Medium,High,500,500 and 1000,1000,More than 100 km,"Online Shopping, In-store Purchases, Grocery Purchases, Miscellaneous Online Transactions",0.3,0.3 and 0.6,0.6,no
13/03/2025 22:07:15,Somewhat familiar,CS,Yes,Cyber Security Intern,0.3,0.2,0.25,0.25,,Low,Low,Medium,High,500,500 and 1000,1000,More than 100 km,"Online Shopping, In-store Purchases, Grocery Purchases, Miscellaneous Online Transactions",,,,No
31/01/2025 09:51:40,Very familiar,IT,Yes,SE,0.3,0.2,0.35,0.15,Low,Low,Medium,Medium,High,10,10-100,< 100,10 – 50 km,"Online Shopping, In-store Purchases",,,,
14/03/2025 13:59:34,Very familiar,CS,Yes,SOC Analyst,0.3,0.2,0.25,0.25,,Low,Low,Medium,Medium,500,500 and 1000,1000,More than 100 km,"Online Shopping, In-store Purchases, Grocery Purchases, Food dining",0.3,0.3 and 0.6,0.6,.
13/03/2025 14:40:18,Very familiar,CS,Yes,SOC Analyst,0.3,0.2,0.25,0.25,High,Low,Low,Medium,Medium,500,500 and 1000,1000,More than 100 km,"Online Shopping, In-store Purchases, Grocery Purchases, Miscellaneous Online Transactions",,,,
13/03/2025 20:58:07,Somewhat familiar,CS,Yes,Cyber Security Intern,0.3,0.2,0.25,0.25,,Low,Low,Medium,High,500,500 and 1000,1000,More than 100 km,"Online Shopping, In-store Purchases, Grocery Purchases, Miscellaneous Online Transactions",,,,No
16/03/2025 13:53:18,Somewhat familiar,IT,Yes,Intern - IT,0.3,0.2,0.25,0.25,,"Medium, Low",Low,Medium,High,500,500 and 1000,1000,More than 100 km,"Online Shopping, In-store Purchases, Grocery Purchases, Miscellaneous Online Transactions",0.3,0.3 and 0.6,0.6,no
13/03/2025 21:12:47,Somewhat familiar,CS,Yes,Cyber Security Intern,0.3,0.2,0.25,0.25,,Low,Low,Medium,High,500,500 and 1000,1000,More than 100 km,"Online Shopping, In-store Purchases, Grocery Purchases, Miscellaneous Online Transactions",,,,No
16/03/2025 14:13:33,Somewhat familiar,IT,Yes,Intern - IT,0.3,0.2,0.25,0.25,,"Medium, Low",Low,Medium,High,500,500 and 1000,1000,More than 100 km,"Online Shopping, In-store Purchases, Grocery Purchases, Miscellaneous Online Transactions",0.3,0.3 and 0.6,0.6,no
19/03/2025 01:25:44,Somewhat familiar,SE,Yes,software engineer,0.3,0.2,0.25,0.25,,Medium,Low,Medium,High,500,500 - 1000,1000,More than 100 km,"Online Shopping, In-store Purchases, Grocery Purchases, Miscellaneous Online Transactions",0.3,0.2 - 0.6,0.6,no
16/03/2025 23:51:03,Somewhat familiar,DS,Yes,Data Analyst,0.3,0.25,0.2,0.25,,Low,Low,Medium,High,500,500 and 1000,1000,More than 100 km,"Online Shopping, In-store Purchases, Grocery Purchases, Personal care",0.2,0.2-0.6,0.6,no
18/03/2025 19:11:45,Very familiar,DS,Yes,Intern - Data Seience,0.35,0.5,0.3,0.1,,"Medium, Low",Low,Medium,High,200,,5000,50 – 100 km,"Online Shopping, In-store Purchases, Grocery Purchases, Travel",0.5,0.5 -0.75,0.75,.
09/02/2025 11:52:14,Somewhat familiar,CS,Yes,Intern- cybersecurity ,0.3,0.2,0.3,0.2,High,Medium,Low,Medium,Medium,100,"100 , 1000",1000,50 – 100 km,"Online Shopping, In-store Purchases, Miscellaneous Online Transactions, Miscellaneous Point of Sale",,,,
18/03/2025 01:49:31,Somewhat familiar,DS,Yes,Data Analyst,0.3,0.25,0.2,0.25,,Low,Low,Medium,High,500,500 and 1000,1000,More than 100 km,"Online Shopping, In-store Purchases, Grocery Purchases, Personal care",0.2,0.2-0.6,0.6,no
16/03/2025 23:55:04,Somewhat familiar,DS,Yes,Data Analyst,0.3,0.25,0.2,0.25,,Low,Low,Medium,High,500,500 and 1000,1000,More than 100 km,"Online Shopping, In-store Purchases, Grocery Purchases, Personal care",0.2,0.2-0.6,0.6,no
17/03/2025 02:56:13,Somewhat familiar,DS,Yes,Data Analyst,0.3,0.25,0.2,0.25,,Low,Low,Medium,High,500,500 and 1000,1000,More than 100 km,"Online Shopping, In-store Purchases, Grocery Purchases, Personal care",0.2,0.2-0.6,0.6,no
18/03/2025 04:49:40,Somewhat familiar,DS,Yes,Data Analyst,0.3,0.25,0.2,0.25,,Low,Low,Medium,High,500,500 and 1000,1000,More than 100 km,"Online Shopping, In-store Purchases, Grocery Purchases, Personal care",0.2,0.2-0.6,0.6,no
18/03/2025 06:50:31,Somewhat familiar,SE,Yes,Software engineer,0.25,0.3,0.2,0.25,High,Low,Low,Medium,Medium,300,300 and 500,1000,More than 100 km,"Grocery Purchases, Miscellaneous Online Transactions, Food dining, Travel",0.5,0.5 - 0.75,0.75,.
16/03/2025 11:24:40,Somewhat familiar,IT,Yes,Intern - IT,0.3,0.2,0.25,0.25,,Medium,Low,Medium,High,500,500 and 1000,1000,More than 100 km,"Online Shopping, In-store Purchases, Grocery Purchases, Miscellaneous Online Transactions",0.3,0.3 and 0.6,0.6,no
18/03/2025 01:38:28,Somewhat familiar,DS,Yes,Data Analyst,0.3,0.25,0.2,0.25,,Low,Low,Medium,High,500,500 and 1000,1000,More than 100 km,"Online Shopping, In-store Purchases, Grocery Purchases, Personal care",0.2,0.2-0.6,0.6,no
16/03/2025 23:48:52,Somewhat familiar,DS,Yes,Data Analyst,0.3,0.25,0.2,0.25,,Low,Low,Medium,High,500,500 and 1000,1000,More than 100 km,"Online Shopping, In-store Purchases, Grocery Purchases, Personal care",0.2,0.2-0.6,0.6,no
18/03/2025 04:53:32,Somewhat familiar,DS,Yes,Data Analyst,0.3,0.25,0.2,0.25,,Low,Low,Medium,High,500,500 and 1000,1000,More than 100 km,"Online Shopping, In-store Purchases, Grocery Purchases, Personal care",0.2,0.2-0.6,0.6,no
13/03/2025 13:43:36,Very familiar,CS,Yes,SOC Analyst,0.3,0.2,0.25,0.25,High,Low,Low,Medium,Medium,500,500 and 1000,1000,More than 100 km,"Online Shopping, In-store Purchases, Grocery Purchases, Miscellaneous Online Transactions",,,,.
19/03/2025 07:08:57,Somewhat familiar,DS,Yes,Data Seience,0.3,0.2,0.25,0.25,,Medium,Low,Medium,High,500,500 - 1000,1000,More than 100 km,"Online Shopping, In-store Purchases, Grocery Purchases, Miscellaneous Online Transactions",0.3,0.3 - 0.6,0.6,no
18/03/2025 00:49:53,Somewhat familiar,DS,Yes,Data Analyst,0.3,0.25,0.2,0.25,,Low,Low,Medium,High,500,500 and 1000,1000,More than 100 km,"Online Shopping, In-store Purchases, Grocery Purchases, Personal care",0.2,0.2-0.6,0.6,no
18/03/2025 01:10:50,Somewhat familiar,DS,Yes,Data Analyst,0.3,0.25,0.2,0.25,,Low,Low,Medium,High,500,500 and 1000,1000,More than 100 km,"Online Shopping, In-store Purchases, Grocery Purchases, Personal care",0.2,0.2-0.6,0.6,no
16/03/2025 23:46:52,Somewhat familiar,DS,Yes,Data Analyst,0.3,0.25,0.2,0.25,High,Low,Low,Medium,High,500,500 and 1000,1000,More than 100 km,"Online Shopping, In-store Purchases, Grocery Purchases, Personal care",0.2,0.2-0.6,0.6,no
16/03/2025 16:01:16,Somewhat familiar,IT,Yes,Intern - IT,0.3,0.2,0.25,0.25,,"Medium, Low",Low,Medium,High,500,500 and 1000,1000,More than 100 km,"Online Shopping, In-store Purchases, Grocery Purchases, Miscellaneous Online Transactions",0.3,0.3 and 0.6,0.6,no
18/03/2025 19:47:51,Very familiar,DS,Yes,Intern - Data Seience,0.35,0.5,0.3,0.1,,"Medium, Low",Low,Medium,High,200,,5000,50 – 100 km,"Online Shopping, In-store Purchases, Grocery Purchases, Travel",0.5,0.5 -0.75,0.75,.
14/03/2025 13:13:00,Very familiar,CS,Yes,SOC Analyst,0.3,0.2,0.25,0.25,,Low,Low,Medium,Medium,500,500 and 1000,1000,More than 100 km,"Online Shopping, In-store Purchases, Grocery Purchases, Food dining",0.3,0.3 and 0.6,0.6,.
19/03/2025 07:22:35,Somewhat familiar,DS,Yes,Data Seience,0.3,0.2,0.25,0.25,,Medium,Low,Medium,High,500,500 - 1000,1000,More than 100 km,"Online Shopping, In-store Purchases, Grocery Purchases, Miscellaneous Online Transactions",0.3,0.3 - 0.6,0.6,no
16/03/2025 12:28:33,Somewhat familiar,IT,Yes,Intern - IT,0.3,0.2,0.25,0.25,,"Medium, Low",Low,Medium,High,500,500 and 1000,1000,More than 100 km,"Online Shopping, In-store Purchases, Grocery Purchases, Miscellaneous Online Transactions",0.3,0.3 and 0.6,0.6,no
16/03/2025 11:36:00,Somewhat familiar,IT,Yes,Intern - IT,0.3,0.2,0.25,0.25,,Medium,Low,Medium,High,500,500 and 1000,1000,More than 100 km,"Online Shopping, In-store Purchases, Grocery Purchases, Miscellaneous Online Transactions",0.3,0.3 and 0.6,0.6,no
18/03/2025 18:22:05,Somewhat familiar,SE,Yes,Software engineer,0.25,0.3,0.2,0.25,,Low,Low,Medium,Medium,300,300 and 700,1000,More than 100 km,"Online Shopping, Grocery Purchases, Food dining, Travel",0.2,0.2 and 0.4,0.4,.
14/03/2025 15:26:02,Very familiar,CS,Yes,SOC Analyst,0.3,0.2,0.25,0.25,,Low,Low,Medium,Medium,500,500 and 1000,1000,More than 100 km,"Online Shopping, In-store Purchases, Grocery Purchases, Food dining",0.3,0.3 and 0.6,0.6,.
19/03/2025 01:26:52,Somewhat familiar,SE,Yes,software engineer,0.3,0.2,0.25,0.25,,Medium,Low,Medium,High,500,500 - 1000,1000,More than 100 km,"Online Shopping, In-store Purchases, Grocery Purchases, Miscellaneous Online Transactions",0.3,0.2 - 0.6,0.6,no
16/03/2025 13:51:58,Somewhat familiar,IT,Yes,Intern - IT,0.3,0.2,0.25,0.25,,Medium,Low,Medium,High,500,500 and 1000,1000,More than 100 km,"Online Shopping, In-store Purchases, Grocery Purchases, Miscellaneous Online Transactions",0.3,0.3 and 0.6,0.6,no
18/03/2025 01:33:30,Somewhat familiar,DS,Yes,Data Analyst,0.3,0.25,0.2,0.25,,Low,Low,Medium,High,500,500 and 1000,1000,More than 100 km,"Online Shopping, In-store Purchases, Grocery Purchases, Personal care",0.2,0.2-0.6,0.6,no
01/02/2025 10:43:26,Somewhat familiar,CS,Yes,Security Analyst ,0.4,0.1,0.25,0.25,Low,Medium,Low,High,Medium,300,600,1000,50 – 100 km,"Online Shopping, Miscellaneous Online Transactions, Travel",,,,
16/03/2025 14:01:05,Somewhat familiar,IT,Yes,Intern - IT,0.3,0.2,0.25,0.25,,"Medium, Low",Low,Medium,High,500,500 and 1000,1000,More than 100 km,"Online Shopping, In-store Purchases, Grocery Purchases, Miscellaneous Online Transactions",0.3,0.3 and 0.6,0.6,no
